Country,Year,Emissions.Type.CO2,Emissions.Type.N2O,Emissions.Type.CH4,Emissions.Sector.Power Industry,Emissions.Sector.Buildings,Emissions.Sector.Transport,Emissions.Sector.Other Industry,Emissions.Sector.Other sectors,Ratio.Per GDP,Ratio.Per Capita
Afghanistan,1970,2670.0,1820.0,12800.0,0.06,0.58,0.23,0.07,0.53,1.557705,0.0
Afghanistan,1975,2720.0,,12800.0,0.21,0.59,0.29,0.02,0.58,1.383556,0.0
Afghanistan,1980,2750.0,2470.0,12500.0,0.31,0.45,,0.03,,1.338219,0.0
Afghanistan,1985,2330.0,2660.0,9570.0,0.61,,0.7,0.09,0.67,1.235054,0.0
Afghanistan,1990,2170.0,2100.0,7750.0,0.59,,0.56,,0.27,,0.714147
Afghanistan,1995,2170.0,2340.0,8940.0,0.27,0.36,0.24,,0.21,0.785834,0.72975
Afghanistan,2000,2690.0,2490.0,10900.0,0.37,,0.2,0.09,0.22,0.799289,
Afghanistan,2005,2980.0,3120.0,12200.0,0.41,0.08,0.25,0.12,0.2,0.728452,0.642477
Afghanistan,2010,3610.0,6410.0,16100.0,2.02,0.65,2.52,0.26,0.19,0.906098,0.561773
Albania,1970,650.0,,4480.0,0.6,0.99,0.73,1.47,0.59,3.355742,0.960599
Albania,1975,703.0,2290.0,5070.0,0.53,1.75,0.86,1.05,0.69,3.340979,0.880292
Albania,1980,,2830.0,7720.0,0.82,1.73,,2.78,0.88,4.328311,1.056134
Albania,1985,1130.0,2960.0,7690.0,1.0,2.09,,2.77,0.73,3.970841,0.930438
Albania,1990,1180.0,3350.0,6620.0,0.52,2.09,0.71,2.35,0.91,3.398565,0.788363
Albania,1995,,3590.0,,,,0.63,0.63,0.26,2.120925,0.529685
Albania,2000,844.0,,3200.0,0.28,0.76,1.47,0.57,,2.320918,0.454021
Albania,2005,847.0,3120.0,4200.0,0.14,0.7,2.37,0.61,0.37,,0.384881
Albania,2010,779.0,2770.0,4140.0,0.02,0.56,2.23,1.12,0.66,2.613266,
Algeria,1970,2140.0,18900.0,46500.0,1.65,1.81,2.66,2.48,8.58,4.645362,0.742141
Algeria,1975,2500.0,35700.0,97000.0,2.11,2.97,3.65,4.82,18.2,,0.909443
Algeria,1980,3150.0,56600.0,123000.0,5.12,5.37,,11.02,23.93,9.440252,
Algeria,1985,3610.0,69800.0,118000.0,8.59,4.87,12.41,16.2,23.41,,0.77621
Algeria,1990,3610.0,68000.0,79400.0,10.22,,15.81,18.55,14.51,5.827113,0.569175
Algeria,1995,3310.0,80300.0,106000.0,12.54,8.09,15.11,,,6.545338,0.705575
Algeria,2000,4180.0,84500.0,79600.0,15.83,9.33,16.85,19.49,22.2,5.395709,0.528485
Algeria,2005,4700.0,98400.0,75100.0,20.65,12.5,,20.15,,5.355644,0.434542
Algeria,2010,5850.0,117000.0,71900.0,25.09,16.8,31.71,,20.89,5.384069,0.418993
Angola,1970,1720.0,8950.0,35200.0,0.14,0.12,1.03,0.33,,6.772412,1.1523
Angola,1975,1950.0,10900.0,41600.0,0.35,0.12,1.1,0.39,2.5,7.089269,1.129956
Angola,1980,2070.0,14300.0,54500.0,0.4,0.7,1.0,0.56,2.91,7.943911,1.686307
Angola,1985,2250.0,14100.0,53900.0,0.16,0.6,1.04,1.01,,6.626298,1.545837
Angola,1990,2150.0,11300.0,38400.0,0.29,0.66,1.02,1.95,1.93,4.25654,0.969425
Angola,1995,2360.0,13000.0,41600.0,0.17,0.67,,2.0,9.12,3.993957,1.345626
Angola,2000,3020.0,16600.0,,0.73,1.05,1.07,1.78,11.98,3.42916,0.976258
Angola,2005,3290.0,16200.0,34600.0,0.77,1.0,2.45,1.93,9.83,2.769409,0.700481
Angola,2010,3940.0,24400.0,,2.37,3.77,6.41,2.59,8.68,2.744409,0.46558
Anguilla,1970,0.11,2.7,2.17,0.0,0.0,0.0,0.0,0.0,,0.071783
Anguilla,1975,0.12,2.75,2.58,0.0,0.0,0.0,0.0,,,0.07123
Anguilla,1980,0.16,2.82,4.41,0.0,0.0,0.0,0.0,0.0,,0.078205
Anguilla,1985,0.13,2.44,3.67,,0.0,0.0,0.0,0.0,0.93713,0.059506
Anguilla,1990,0.16,2.42,6.11,0.0,0.0,,0.0,0.0,1.042555,0.045674
Anguilla,1995,0.38,2.81,16.4,0.0,0.0,0.01,0.0,0.0,1.998107,0.095778
Anguilla,2000,,3.02,15.5,0.0,0.0,0.01,0.0,0.0,1.702957,0.081181
Anguilla,2005,0.25,4.35,13.7,0.0,0.0,,0.0,0.0,1.444734,0.055251
Anguilla,2010,0.45,4.67,24.0,0.0,0.0,0.02,0.0,,2.115052,0.098982
Antigua and Barbuda,1970,,32.0,149.0,0.05,0.06,0.01,0.0,0.0,2.83605,0.508028
Antigua and Barbuda,1975,10.1,34.1,227.0,0.07,0.08,0.01,0.0,0.0,3.7838,0.540067
Antigua and Barbuda,1980,15.0,46.3,,0.08,0.06,0.01,0.0,0.0,3.411758,0.42401
Antigua and Barbuda,1985,16.0,48.8,172.0,,0.06,0.02,0.0,,3.396313,0.310917
Antigua and Barbuda,1990,14.7,44.9,245.0,0.09,0.09,0.03,0.01,0.0,4.566917,0.286839
Antigua and Barbuda,1995,,47.1,259.0,0.12,0.08,,0.01,0.0,4.384193,0.274852
Antigua and Barbuda,2000,18.7,48.4,279.0,0.1,0.05,0.08,0.02,0.0,,0.230724
Antigua and Barbuda,2005,20.7,50.4,306.0,0.13,0.04,,0.01,,4.226413,0.213284
Antigua and Barbuda,2010,22.2,49.8,,0.16,0.05,0.12,0.01,0.0,4.49223,0.236881
Argentina,1970,26800.0,108000.0,91200.0,23.83,13.19,24.05,21.36,8.64,9.443864,1.25356
Argentina,1975,29800.0,125000.0,95600.0,22.98,16.22,25.3,20.7,10.3,9.596482,1.192455
Argentina,1980,30600.0,,110000.0,22.42,18.4,31.23,23.14,14.61,9.832277,
Argentina,1985,,135000.0,100000.0,17.26,20.83,26.29,23.39,12.42,8.778547,
Argentina,1990,32900.0,137000.0,113000.0,20.28,22.01,28.44,28.67,13.03,8.638591,1.365503
Argentina,1995,34100.0,128000.0,128000.0,22.85,24.72,38.3,31.43,10.63,8.282776,1.019505
Argentina,2000,37500.0,118000.0,,30.3,27.0,40.26,,11.25,8.181002,
Argentina,2005,47600.0,131000.0,165000.0,32.69,31.25,39.63,45.88,15.98,8.785048,0.963369
Argentina,2010,50700.0,,194000.0,45.53,36.48,43.41,48.32,17.59,8.754885,0.765539
Armenia,1970,516.0,,10900.0,2.06,2.86,1.25,4.13,0.61,5.176366,2.083564
Armenia,1975,660.0,1890.0,15200.0,3.53,4.0,1.79,5.21,0.72,6.283096,2.164128
Armenia,1980,,1970.0,18700.0,4.53,5.0,,,0.74,6.911196,2.138435
Armenia,1985,801.0,2020.0,20100.0,4.83,5.79,1.9,6.44,1.11,6.857144,2.060664
Armenia,1990,771.0,2260.0,,6.1,6.97,2.96,3.81,0.86,6.705833,1.792187
Armenia,1995,422.0,1680.0,,1.39,1.36,0.11,0.51,0.25,1.776805,0.818311
Armenia,2000,410.0,1640.0,3660.0,1.6,0.53,0.57,0.72,0.24,,0.636015
Armenia,2005,534.0,1930.0,4540.0,0.95,1.15,,1.36,0.41,2.348229,0.438587
Armenia,2010,709.0,,4230.0,0.63,1.64,1.26,0.52,,2.382095,
Australia,1970,36700.0,105000.0,161000.0,53.23,10.51,32.48,45.92,18.82,23.52988,1.155168
Australia,1975,,116000.0,194000.0,69.45,11.54,40.72,58.35,13.81,25.33351,
Australia,1980,36300.0,104000.0,222000.0,89.13,,49.57,56.99,15.66,24.76255,1.041933
Australia,1985,36700.0,,238000.0,104.32,,54.77,50.28,16.59,24.61334,0.980079
Australia,1990,42700.0,124000.0,278000.0,,12.02,,56.83,15.72,,0.912045
Australia,1995,,119000.0,303000.0,142.59,13.51,67.54,61.66,,,0.84512
Australia,2000,47700.0,126000.0,358000.0,178.87,14.77,75.01,65.98,19.18,27.8859,0.787659
Australia,2005,48800.0,127000.0,412000.0,201.62,17.85,79.33,73.05,19.74,29.0653,0.742451
Australia,2010,43900.0,121000.0,421000.0,210.67,18.81,87.61,71.95,23.81,26.47337,0.642925
Austria,1970,5350.0,,54100.0,8.13,14.83,8.81,,7.32,9.483874,0.515609
Austria,1975,5900.0,12300.0,57200.0,,,,16.26,7.57,9.867782,0.42185
Austria,1980,6210.0,13100.0,62300.0,,18.12,,15.33,7.96,10.72677,
Austria,1985,5440.0,,,10.52,17.1,11.12,13.91,7.53,10.39636,0.369703
Austria,1990,4760.0,13000.0,62800.0,14.35,,13.63,15.18,6.63,10.43325,0.33724
Austria,1995,4550.0,12100.0,65100.0,,,15.5,16.06,5.66,10.236,0.306611
Austria,2000,,11300.0,67900.0,13.47,,18.55,16.99,6.2,10.36811,0.270433
Austria,2005,3850.0,,82000.0,18.16,,24.56,18.48,6.83,11.69959,0.286527
Austria,2010,,10500.0,76900.0,,,22.36,18.44,6.6,10.84326,0.253917
Azerbaijan,1970,1810.0,18500.0,35000.0,5.99,3.08,2.3,20.05,3.88,,1.917706
Azerbaijan,1975,2280.0,24900.0,49000.0,9.32,4.53,3.52,26.7,5.23,13.43656,2.017936
Azerbaijan,1980,2470.0,20800.0,60000.0,12.01,5.88,4.12,34.36,4.07,,
Azerbaijan,1985,2740.0,22300.0,68000.0,13.92,7.27,4.27,38.77,4.35,13.94771,
Azerbaijan,1990,2570.0,24800.0,56800.0,19.82,9.2,6.2,18.25,4.6,11.61989,1.381041
Azerbaijan,1995,1720.0,8460.0,32100.0,15.15,5.03,3.34,8.85,0.47,5.436196,1.657233
Azerbaijan,2000,1840.0,9890.0,28100.0,15.32,5.95,2.36,3.66,0.76,,1.10982
Azerbaijan,2005,2340.0,11800.0,30500.0,13.94,6.63,,4.22,1.47,,0.660663
Azerbaijan,2010,2510.0,17900.0,24800.0,8.36,7.15,4.95,3.07,1.22,4.996163,0.313048
Bahamas,1970,37.8,107.0,2770.0,0.54,0.58,0.07,0.01,0.43,17.19164,0.785879
Bahamas,1975,43.1,,3530.0,,0.81,0.1,,0.19,19.56928,1.115606
Bahamas,1980,46.6,142.0,3120.0,0.76,0.57,0.15,0.01,0.23,15.69319,0.744597
Bahamas,1985,40.8,133.0,1890.0,0.49,0.38,0.14,0.01,0.01,8.794765,0.384177
Bahamas,1990,51.1,147.0,2580.0,0.61,0.61,0.23,0.06,0.01,10.83847,0.446349
Bahamas,1995,61.8,,2600.0,0.72,0.49,0.3,0.06,0.01,10.06557,0.454902
Bahamas,2000,67.4,171.0,2370.0,0.68,0.31,0.51,0.12,0.01,,0.338775
Bahamas,2005,79.9,187.0,2780.0,0.98,0.28,0.68,0.1,0.01,9.241591,0.364552
Bahamas,2010,101.0,191.0,3450.0,0.81,0.26,0.59,0.07,0.01,10.36597,
Bahrain,1970,,977.0,2960.0,,,0.18,2.36,0.07,18.63925,0.525274
Bahrain,1975,38.1,1260.0,5490.0,0.71,0.05,0.36,4.11,0.26,25.46933,0.554356
Bahrain,1980,55.8,1640.0,7530.0,2.01,0.07,0.63,4.53,0.29,25.63505,
Bahrain,1985,76.0,2050.0,10800.0,5.8,0.09,0.87,2.34,0.54,30.79845,0.774879
Bahrain,1990,95.2,,12900.0,6.75,0.13,1.0,,1.31,30.96365,0.872382
Bahrain,1995,104.0,2500.0,13300.0,9.26,,1.24,2.79,1.77,28.25753,0.652397
Bahrain,2000,120.0,2920.0,15900.0,11.36,0.18,1.53,2.77,1.92,28.49563,0.628973
Bahrain,2005,139.0,4240.0,16500.0,14.97,0.23,2.5,,2.83,23.50273,0.539139
Bahrain,2010,150.0,5160.0,19100.0,17.97,0.22,3.15,4.21,3.25,19.68392,0.480962
Bangladesh,1970,,3350.0,106000.0,,,0.25,1.08,0.39,1.808544,1.376013
Bangladesh,1975,8890.0,5210.0,105000.0,0.89,1.22,0.62,1.67,0.71,,1.579431
Bangladesh,1980,,7710.0,100000.0,1.55,1.75,0.99,2.29,0.95,1.442741,1.217205
Bangladesh,1985,11200.0,9370.0,,2.84,2.05,1.35,1.46,1.45,1.28924,
Bangladesh,1990,,14200.0,99400.0,4.31,3.0,1.67,2.45,,1.199064,0.930801
Bangladesh,1995,17000.0,21100.0,96700.0,,3.77,2.67,3.5,3.99,1.135206,0.789885
Bangladesh,2000,,27200.0,99700.0,8.81,4.9,3.03,4.2,5.76,,0.671601
Bangladesh,2005,20400.0,39600.0,,14.66,7.43,5.06,4.81,6.88,1.153488,0.59607
Bangladesh,2010,22300.0,61000.0,118000.0,24.12,9.09,7.35,9.3,8.68,1.324428,0.541626
Barbados,1970,60.2,124.0,494.0,0.13,0.14,0.02,0.0,0.01,2.836312,0.231203
Barbados,1975,48.4,115.0,649.0,0.15,0.19,0.02,,0.01,3.303309,0.266716
Barbados,1980,57.4,129.0,625.0,,0.15,0.03,0.01,0.01,3.21769,0.277752
Barbados,1985,54.7,,853.0,0.25,0.22,0.07,0.03,0.08,4.027063,0.348017
Barbados,1990,67.0,136.0,967.0,,,0.1,0.03,0.1,4.491973,
Barbados,1995,65.6,129.0,912.0,0.3,0.22,0.12,0.03,0.04,4.173774,0.33634
Barbados,2000,69.8,,,1.02,,0.25,0.07,,5.227164,0.361878
Barbados,2005,56.2,112.0,1200.0,1.66,0.1,0.22,0.04,0.14,5.007049,0.331264
Barbados,2010,58.5,118.0,1270.0,1.85,,0.23,0.04,0.1,5.184551,0.337144
Belarus,1970,13900.0,15200.0,66000.0,24.95,10.1,9.39,12.43,7.29,10.59226,
Belarus,1975,16800.0,,89500.0,38.0,12.84,11.07,17.14,8.21,13.32841,2.436418
Belarus,1980,17100.0,19000.0,102000.0,,14.94,11.22,21.19,10.63,14.37601,2.218357
Belarus,1985,,20400.0,104000.0,46.09,15.45,,20.09,11.13,14.30885,2.053827
Belarus,1990,13500.0,,109000.0,57.45,17.77,11.49,13.15,9.22,14.02834,1.743484
Belarus,1995,9300.0,15900.0,62500.0,34.56,10.16,6.68,5.55,5.69,8.644507,1.630786
Belarus,2000,8960.0,14600.0,58000.0,31.98,8.13,,5.55,5.66,,1.116762
Belarus,2005,9790.0,16400.0,63700.0,33.09,,7.78,6.99,6.38,9.336146,0.857258
Belarus,2010,11400.0,19000.0,70900.0,33.01,7.33,10.94,,6.94,10.68601,0.679763
Belgium,1970,9180.0,18600.0,140000.0,27.05,35.88,11.41,50.74,15.27,,
Belgium,1975,9620.0,18500.0,128000.0,28.64,34.55,13.43,38.67,12.56,,0.731746
Belgium,1980,11700.0,18600.0,138000.0,,33.67,,41.18,12.45,17.05451,0.686074
Belgium,1985,12700.0,18900.0,109000.0,21.94,29.38,16.42,,8.03,14.18194,0.532223
Belgium,1990,,17300.0,116000.0,25.89,26.12,20.34,,9.62,14.122,0.466848
Belgium,1995,8920.0,17700.0,123000.0,28.1,30.61,22.84,29.89,10.97,14.6597,0.456101
Belgium,2000,9070.0,17300.0,125000.0,26.07,28.84,24.5,34.35,11.11,14.67313,0.400149
Belgium,2005,8020.0,17100.0,118000.0,25.39,31.03,,24.91,11.33,13.5688,0.34582
Belgium,2010,8800.0,,112000.0,23.03,29.01,25.89,25.72,12.1,12.62651,
Belize,1970,71.3,94.1,222.0,0.03,0.03,0.0,0.0,0.0,3.168283,1.131168
Belize,1975,72.8,,306.0,0.03,0.04,,0.0,0.0,3.790178,1.094738
Belize,1980,77.9,,340.0,0.04,,0.01,0.0,0.0,,1.082049
Belize,1985,81.0,131.0,285.0,0.04,0.03,0.01,0.0,0.0,,
Belize,1990,98.8,161.0,,0.07,0.07,0.03,,0.0,,0.785003
Belize,1995,85.2,142.0,504.0,0.08,0.06,0.04,,0.0,3.533219,0.569626
Belize,2000,,157.0,699.0,0.13,,0.1,0.02,0.0,3.936292,0.56578
Belize,2005,,189.0,790.0,0.21,0.06,0.14,0.02,,3.871419,0.492364
Belize,2010,136.0,250.0,949.0,0.12,,0.08,0.01,0.0,4.149216,
Benin,1970,483.0,320.0,1560.0,0.0,0.04,0.25,0.01,0.02,0.812699,0.503559
Benin,1975,563.0,559.0,1860.0,0.01,0.08,0.36,0.02,0.1,0.911895,
Benin,1980,670.0,547.0,2150.0,0.02,,0.26,0.03,0.15,0.905094,0.543367
Benin,1985,,632.0,2520.0,,,0.36,0.03,,0.935651,0.579384
Benin,1990,836.0,414.0,2680.0,0.03,0.03,0.17,,0.16,0.789068,0.539692
Benin,1995,965.0,419.0,2970.0,0.03,0.04,0.12,0.03,0.2,0.736803,0.486626
Benin,2000,1160.0,1570.0,3470.0,0.05,0.3,0.92,0.16,0.15,0.90436,0.541869
Benin,2005,1430.0,2840.0,4030.0,,0.92,1.54,0.14,0.16,1.040372,0.598978
Benin,2010,1660.0,5080.0,4770.0,0.08,,3.17,,0.53,1.251531,0.687928
Bermuda,1970,5.1,21.5,263.0,0.07,0.08,0.01,0.0,,5.540382,0.176361
Bermuda,1975,7.35,23.0,,0.09,0.11,0.01,,0.0,8.709704,0.129132
Bermuda,1980,9.63,24.7,371.0,0.1,0.08,0.02,0.0,0.0,7.109005,
Bermuda,1985,10.3,25.2,394.0,0.1,0.08,0.03,0.0,0.0,7.28267,0.11053
Bermuda,1990,12.2,24.9,537.0,0.13,0.13,0.05,0.01,0.0,,0.238625
Bermuda,1995,,22.9,416.0,0.12,,,0.01,0.0,7.175228,0.179174
Bermuda,2000,13.2,25.1,435.0,0.12,0.05,0.09,0.02,0.0,7.38634,0.149676
Bermuda,2005,15.0,25.1,471.0,0.13,0.04,0.09,0.01,0.0,7.848818,0.14222
Bermuda,2010,16.7,21.4,498.0,0.16,0.05,0.12,0.01,0.0,8.38989,
Bhutan,1970,71.8,685.0,520.0,,0.0,0.0,0.0,0.03,4.282493,3.610724
Bhutan,1975,79.1,706.0,564.0,0.0,0.0,0.0,0.0,,3.855464,3.561985
Bhutan,1980,102.0,,666.0,0.0,0.0,0.0,0.0,,3.377787,2.72904
Bhutan,1985,118.0,678.0,752.0,0.01,0.01,0.01,0.01,,3.313407,2.050853
Bhutan,1990,132.0,737.0,736.0,0.02,0.02,0.02,0.08,0.07,,1.284713
Bhutan,1995,154.0,746.0,815.0,0.02,0.02,0.04,0.14,0.13,3.331153,1.149793
Bhutan,2000,158.0,616.0,688.0,0.06,0.01,0.04,0.2,0.14,2.549957,
Bhutan,2005,166.0,613.0,,0.11,0.01,0.04,,0.16,2.507978,0.554674
Bhutan,2010,156.0,1170.0,838.0,0.12,0.02,0.12,0.6,0.45,2.974199,0.463262
Bolivia,1970,1840.0,3070.0,9120.0,0.22,0.37,0.98,0.61,0.71,3.115538,0.809851
Bolivia,1975,2380.0,4550.0,12900.0,0.29,0.55,1.51,0.88,1.06,3.956297,0.840182
Bolivia,1980,3120.0,4930.0,13300.0,,0.68,2.11,1.03,0.6,3.825763,0.817469
Bolivia,1985,3320.0,5030.0,14600.0,0.43,0.79,,1.36,,3.696915,0.946585
Bolivia,1990,3140.0,6530.0,16300.0,0.72,0.64,2.23,1.57,1.13,3.789256,1.021726
Bolivia,1995,3930.0,8340.0,16800.0,1.21,0.78,3.09,1.81,1.57,3.844084,0.935623
Bolivia,2000,4390.0,8290.0,16000.0,1.22,1.43,2.94,1.51,1.19,,0.779431
Bolivia,2005,,10400.0,19600.0,1.62,2.01,3.54,1.9,0.93,3.83593,0.818103
Bolivia,2010,5840.0,15200.0,21900.0,2.92,3.05,5.41,2.33,1.12,,0.800632
Bosnia and Herzegovina,1970,1050.0,3090.0,15700.0,3.02,2.58,1.84,7.8,0.5,5.285407,2.851435
Bosnia and Herzegovina,1975,1140.0,3500.0,17800.0,3.96,3.49,,7.59,0.69,5.623136,2.537009
Bosnia and Herzegovina,1980,1090.0,3590.0,16700.0,6.35,2.6,,4.73,0.71,,1.796377
Bosnia and Herzegovina,1985,1110.0,4650.0,22900.0,11.16,4.61,2.29,4.16,0.72,,2.365034
Bosnia and Herzegovina,1990,1040.0,4820.0,24600.0,,5.14,2.19,5.91,0.59,6.814882,4.104634
Bosnia and Herzegovina,1995,627.0,1610.0,3580.0,0.79,0.83,0.99,0.67,0.3,1.515449,0.837326
Bosnia and Herzegovina,2000,881.0,2460.0,14300.0,8.86,1.19,2.09,1.58,0.61,4.694694,0.748114
Bosnia and Herzegovina,2005,933.0,3130.0,16900.0,10.37,1.91,2.3,1.28,1.03,,0.673842
Bosnia and Herzegovina,2010,972.0,3810.0,22100.0,13.39,1.58,3.4,2.1,1.7,7.213141,0.751228
Botswana,1970,1000.0,114.0,2220.0,0.01,0.09,0.03,,0.01,4.79726,3.944133
Botswana,1975,1470.0,168.0,3340.0,0.0,,0.04,0.2,0.01,6.020083,2.316639
Botswana,1980,1670.0,564.0,3710.0,0.45,0.12,,0.46,0.01,5.94088,1.529772
Botswana,1985,1430.0,1610.0,3340.0,0.61,0.06,0.33,0.5,,5.367762,0.99109
Botswana,1990,1770.0,2990.0,4170.0,1.52,0.14,0.65,0.5,0.01,6.476766,0.799071
Botswana,1995,1680.0,3530.0,4030.0,1.75,0.15,0.89,0.4,0.15,5.885322,0.661379
Botswana,2000,1720.0,4400.0,4130.0,1.66,0.3,1.22,0.86,0.14,5.927809,0.569658
Botswana,2005,1420.0,4620.0,3480.0,1.68,,1.5,0.92,0.19,5.125883,0.442858
Botswana,2010,1690.0,5200.0,4170.0,0.57,0.2,1.94,0.57,0.2,5.48757,0.411663
Brazil,1970,52300.0,110000.0,186000.0,7.46,7.89,42.34,29.79,22.66,3.65209,0.685869
Brazil,1975,67400.0,157000.0,216000.0,5.82,11.55,66.08,46.18,27.24,4.089064,0.491507
Brazil,1980,,210000.0,267000.0,8.93,,73.33,67.92,42.25,4.628987,0.484034
Brazil,1985,89400.0,195000.0,,,21.77,70.09,,39.15,4.319893,0.472583
Brazil,1990,94300.0,228000.0,,,27.54,82.18,61.85,44.29,4.330676,0.419429
Brazil,1995,117000.0,278000.0,384000.0,15.65,33.29,,74.65,49.71,4.79402,0.434645
Brazil,2000,124000.0,362000.0,389000.0,31.38,35.61,125.45,99.95,69.04,4.988299,0.44017
Brazil,2005,153000.0,378000.0,466000.0,34.29,34.25,136.98,105.08,70.18,5.331489,0.433678
Brazil,2010,166000.0,442000.0,478000.0,45.1,38.0,167.72,119.81,74.61,5.518263,0.379558
Brunei,1970,110.0,9120.0,36100.0,0.23,0.02,0.08,0.07,8.72,350.0306,3.823394
Brunei,1975,99.7,7450.0,27000.0,0.23,,0.1,1.06,6.04,213.7297,1.816416
Brunei,1980,97.2,,19500.0,0.32,0.03,,1.96,3.82,134.3281,0.859494
Brunei,1985,87.3,3160.0,3990.0,0.71,0.04,0.45,1.74,0.22,32.2609,0.274255
Brunei,1990,87.3,3400.0,3740.0,1.09,0.05,0.55,,0.14,27.9013,0.364957
Brunei,1995,,4700.0,4470.0,,0.06,0.78,1.93,0.2,31.19043,0.400697
Brunei,2000,116.0,4930.0,4900.0,2.03,0.06,0.81,1.52,0.46,29.84391,0.402495
Brunei,2005,122.0,5180.0,4850.0,2.63,0.05,,1.19,0.35,27.80849,0.370776
Brunei,2010,133.0,7360.0,5180.0,2.78,0.1,1.18,2.8,0.48,,0.447892
Bulgaria,1970,7590.0,11700.0,70600.0,21.21,25.81,,12.09,,10.56181,
Bulgaria,1975,9140.0,13400.0,80500.0,26.21,30.35,4.6,12.62,,11.79353,2.549606
Bulgaria,1980,9530.0,,93600.0,36.77,30.84,4.12,13.3,8.42,13.40995,2.103063
Bulgaria,1985,9070.0,15900.0,91400.0,37.27,23.82,3.7,,9.11,12.96531,1.644115
Bulgaria,1990,7840.0,15600.0,,47.05,7.77,6.44,13.29,7.73,11.96941,1.306425
Bulgaria,1995,3880.0,10600.0,60200.0,34.18,4.04,4.19,,7.25,8.914537,1.053331
Bulgaria,2000,3370.0,10100.0,47300.0,24.01,2.23,,10.49,5.58,7.603958,0.831493
Bulgaria,2005,,9500.0,52000.0,,2.12,7.63,9.75,,8.445838,0.668761
Bulgaria,2010,2740.0,8890.0,48800.0,30.11,1.75,7.79,4.71,4.28,,0.535402
Burkina Faso,1970,446.0,,4690.0,0.0,0.09,0.03,0.09,,1.210946,
Burkina Faso,1975,,,4470.0,0.0,0.1,0.04,0.1,0.03,1.082441,1.627268
Burkina Faso,1980,678.0,1850.0,5230.0,0.04,0.08,0.09,0.1,0.03,1.135817,1.509917
Burkina Faso,1985,670.0,2490.0,6550.0,0.06,0.08,0.09,0.05,0.04,1.256406,1.738397
Burkina Faso,1990,763.0,2950.0,7310.0,0.05,0.07,0.14,0.07,0.05,1.250296,
Burkina Faso,1995,1150.0,3650.0,8750.0,0.06,0.11,0.18,0.12,0.05,1.342252,1.545755
Burkina Faso,2000,1240.0,3810.0,8920.0,0.15,0.17,0.4,0.1,0.08,1.202963,1.150612
Burkina Faso,2005,1470.0,5110.0,12800.0,0.21,0.18,0.48,0.09,0.08,1.440279,1.172295
Burkina Faso,2010,2170.0,5980.0,15600.0,0.36,0.21,0.82,0.19,0.29,1.521128,1.068183
Burundi,1970,233.0,640.0,1660.0,0.0,0.02,0.01,0.01,0.01,0.732333,1.013515
Burundi,1975,272.0,718.0,1810.0,,0.02,0.01,,0.01,0.763719,0.891122
Burundi,1980,336.0,667.0,,0.01,0.01,0.01,0.02,0.01,0.678496,0.660315
Burundi,1985,361.0,621.0,1780.0,0.02,0.03,0.03,0.02,,0.587158,0.607909
Burundi,1990,,,,0.03,0.04,0.08,0.04,0.02,,0.513652
Burundi,1995,660.0,634.0,1980.0,0.03,0.06,0.1,0.07,0.02,0.548386,0.631334
Burundi,2000,602.0,540.0,1910.0,0.05,0.05,0.13,,0.02,0.476203,
Burundi,2005,777.0,719.0,2870.0,0.06,0.05,,0.03,0.03,0.588382,0.812181
Burundi,2010,937.0,904.0,3610.0,0.04,0.03,0.1,0.02,0.03,,0.814012
Cambodia,1970,389.0,1910.0,21600.0,0.02,0.09,0.06,0.02,0.04,3.419331,
Cambodia,1975,543.0,1180.0,,0.06,0.09,0.08,0.0,0.04,1.521028,1.770518
Cambodia,1980,633.0,814.0,11500.0,,0.09,0.08,0.01,0.02,1.931699,2.817959
Cambodia,1985,776.0,1390.0,12800.0,,0.09,0.16,,0.02,1.945121,
Cambodia,1990,944.0,1830.0,15800.0,0.13,0.12,0.12,0.02,0.02,2.073994,2.53417
Cambodia,1995,1500.0,2280.0,17700.0,0.16,0.12,1.16,0.03,0.03,2.01413,1.828082
Cambodia,2000,2000.0,2450.0,17800.0,,0.19,1.32,0.07,0.04,1.828352,1.33065
Cambodia,2005,2690.0,2750.0,20800.0,0.77,0.26,1.49,0.13,0.04,1.97551,1.004099
Cambodia,2010,4170.0,3110.0,24000.0,0.81,0.53,3.09,0.2,0.39,2.186886,0.866484
Cameroon,1970,1710.0,900.0,4570.0,0.03,0.06,0.56,0.08,0.17,1.099768,0.714961
Cameroon,1975,1850.0,1270.0,,0.04,0.13,0.75,0.1,0.25,,0.618301
Cameroon,1980,2610.0,2070.0,6800.0,0.07,0.25,1.18,,0.4,1.332127,
Cameroon,1985,2810.0,4830.0,15300.0,0.04,0.38,1.74,0.21,5.01,,0.701877
Cameroon,1990,,4810.0,15700.0,,0.69,1.75,0.17,,,0.711065
Cameroon,1995,3400.0,10200.0,35100.0,0.03,,1.71,0.16,2.72,3.615702,1.598029
Cameroon,2000,4230.0,9820.0,24600.0,0.04,0.7,1.86,0.19,2.99,2.528045,1.009453
Cameroon,2005,4450.0,9260.0,23800.0,0.16,0.48,,0.18,2.58,2.151253,0.81663
Cameroon,2010,3730.0,10800.0,21500.0,1.23,0.37,2.68,0.78,2.58,1.802684,0.67955
Canada,1970,22400.0,100000.0,363000.0,45.0,98.35,80.59,107.78,29.88,22.65539,
Canada,1975,28000.0,,405000.0,53.97,94.23,104.19,124.67,27.42,22.56834,0.956845
Canada,1980,36400.0,94100.0,455000.0,74.75,89.69,129.23,128.57,32.53,23.86527,0.891134
Canada,1985,39200.0,109000.0,432000.0,87.81,,114.05,109.53,37.17,22.39817,0.79386
Canada,1990,37200.0,107000.0,456000.0,97.15,80.49,124.66,117.26,,21.65719,
Canada,1995,41600.0,,489000.0,102.01,86.99,,122.79,40.79,22.09985,0.685646
Canada,2000,34400.0,125000.0,558000.0,135.44,94.65,149.96,136.08,42.46,23.34375,0.622868
Canada,2005,34100.0,122000.0,563000.0,125.6,99.77,157.98,157.91,40.01,22.25533,
Canada,2010,34000.0,,549000.0,110.32,88.11,168.0,162.07,,20.48092,0.50506
Cape Verde,1970,19.7,40.9,71.1,0.0,0.08,0.03,0.07,0.0,0.487356,0.474945
Cape Verde,1975,18.7,54.1,68.7,0.0,0.09,0.03,0.08,0.0,0.519134,0.402648
Cape Verde,1980,30.3,109.0,78.0,0.03,0.07,0.07,0.08,,0.759549,0.668454
Cape Verde,1985,26.9,59.0,78.2,0.02,0.03,0.03,0.02,0.0,0.52106,0.378364
Cape Verde,1990,42.0,45.6,105.0,0.01,0.01,0.02,0.01,0.0,0.562264,0.340001
Cape Verde,1995,59.7,47.2,133.0,0.01,0.02,0.04,0.03,0.0,0.615577,
Cape Verde,2000,,77.6,148.0,0.03,0.03,0.08,0.02,0.0,0.650671,0.16948
Cape Verde,2005,69.5,73.4,185.0,,0.04,0.11,0.02,0.0,0.690133,0.1488
Cape Verde,2010,91.2,,,0.07,0.04,0.17,,0.0,0.807656,0.13849
Cayman Islands,1970,2.15,10.8,46.9,0.01,0.01,0.0,0.0,0.0,6.549306,0.189925
Cayman Islands,1975,2.74,14.2,79.9,0.01,0.01,0.0,0.0,0.0,7.909402,0.222101
Cayman Islands,1980,3.52,17.6,64.6,0.01,,0.0,0.0,0.0,5.308094,0.133107
Cayman Islands,1985,2.87,15.6,84.7,0.03,,0.01,0.0,0.0,5.339491,0.195947
Cayman Islands,1990,5.56,19.8,225.0,,0.06,,0.01,0.0,10.00518,0.19932
Cayman Islands,1995,7.04,23.3,248.0,0.08,0.06,0.04,0.01,0.0,,0.247072
Cayman Islands,2000,7.86,28.8,231.0,0.07,,0.05,0.01,,,0.19576
Cayman Islands,2005,8.98,32.7,269.0,0.09,0.03,0.06,0.01,0.0,6.386255,
Cayman Islands,2010,10.8,36.2,322.0,0.13,0.04,0.1,0.01,,6.639006,0.189327
Central African Republic,1970,137.0,,1240.0,0.0,0.03,0.01,0.03,0.01,0.991889,0.881024
Central African Republic,1975,179.0,,1520.0,0.0,0.03,0.01,0.03,0.01,1.110195,1.118927
Central African Republic,1980,216.0,,2370.0,0.01,,0.03,0.03,0.01,1.54551,1.656142
Central African Republic,1985,237.0,1180.0,2870.0,0.03,0.04,0.04,0.03,0.01,1.625828,
Central African Republic,1990,247.0,1350.0,3200.0,,0.03,0.06,0.03,0.02,1.631624,1.731417
Central African Republic,1995,370.0,1660.0,3840.0,0.03,0.05,0.08,0.05,0.02,1.749878,2.017848
Central African Republic,2000,371.0,1970.0,,0.05,0.05,0.13,,,1.819227,2.196226
Central African Republic,2005,399.0,2260.0,5240.0,0.05,0.04,0.11,0.02,0.02,,
Central African Republic,2010,489.0,2610.0,6010.0,0.07,0.04,,,0.02,2.046762,2.305888
Chad,1970,228.0,2370.0,6220.0,,0.06,,0.06,0.02,2.420275,1.263427
Chad,1975,278.0,1900.0,5360.0,0.0,0.07,0.03,0.07,0.02,1.844981,
Chad,1980,396.0,2390.0,,0.03,0.06,0.06,,0.02,2.060004,1.963806
Chad,1985,353.0,2070.0,5780.0,,0.03,0.03,0.02,0.02,1.611693,1.611297
Chad,1990,429.0,2610.0,7130.0,0.03,0.05,0.1,0.05,0.03,1.707492,1.537328
Chad,1995,667.0,2880.0,7850.0,,0.02,0.04,0.03,0.04,1.627824,1.563983
Chad,2000,703.0,3440.0,9320.0,,0.03,0.08,0.02,0.04,1.614374,
Chad,2005,1010.0,3890.0,11900.0,0.04,0.03,0.08,0.02,0.21,1.66418,0.930529
Chad,2010,,4450.0,14100.0,0.06,0.04,0.14,0.03,0.15,1.654221,0.860382
Chile,1970,3630.0,26000.0,27900.0,3.81,2.63,6.03,8.57,5.5,6.015425,0.778387
Chile,1975,3760.0,39400.0,27000.0,2.39,2.57,4.53,7.62,7.45,6.716979,0.897994
Chile,1980,4020.0,31000.0,27700.0,3.85,2.48,6.25,8.83,4.7,5.5632,
Chile,1985,4090.0,17000.0,22500.0,3.02,,6.18,,2.41,3.579292,0.488654
Chile,1990,4790.0,17300.0,33200.0,8.31,3.36,9.08,8.69,3.22,4.175379,0.455139
Chile,1995,5860.0,20200.0,,7.32,4.49,13.64,11.62,4.03,4.724855,0.366682
Chile,2000,6820.0,20700.0,54400.0,13.72,4.75,16.99,13.16,5.23,5.371101,
Chile,2005,7470.0,21400.0,59900.0,16.78,4.43,18.56,14.66,5.32,5.499222,0.319889
Chile,2010,7800.0,21500.0,73600.0,25.09,5.98,21.44,16.09,,6.053648,0.312416
China,1970,,,957000.0,129.83,218.89,45.46,,125.52,2.501552,5.019012
China,1975,164000.0,1060000.0,1240000.0,176.13,277.62,65.91,509.66,150.13,2.670635,4.60161
China,1980,,1060000.0,1630000.0,310.09,326.36,,648.33,195.38,,4.277455
China,1985,247000.0,1090000.0,1920000.0,,,97.95,711.84,245.13,3.045054,
China,1990,,1180000.0,2430000.0,639.2,498.41,107.04,831.35,321.04,3.349014,2.28157
China,1995,384000.0,1200000.0,3450000.0,1058.49,490.61,140.81,1197.35,,4.065348,1.63792
China,2000,393000.0,1170000.0,3800000.0,1426.84,354.53,263.57,1042.08,584.6,4.17995,1.154771
China,2005,466000.0,1400000.0,6430000.0,2511.75,505.71,,1927.55,904.82,6.272171,1.121202
China,2010,504000.0,1580000.0,8810000.0,3619.98,,581.55,2933.07,1417.24,,0.863651
Colombia,1970,,32900.0,46800.0,3.56,5.17,6.76,11.19,4.42,4.142359,1.029331
Colombia,1975,13300.0,35400.0,55300.0,3.29,4.9,9.3,,5.26,4.203708,0.745015
Colombia,1980,14400.0,41000.0,56200.0,,4.18,11.78,,5.61,4.021689,0.605329
Colombia,1985,14600.0,46500.0,56800.0,6.57,3.77,13.95,15.18,6.39,3.800891,0.564998
Colombia,1990,16700.0,52500.0,60800.0,7.73,5.12,16.32,16.61,6.13,3.79275,0.503514
Colombia,1995,17300.0,,64300.0,8.91,5.22,,20.0,7.15,3.838703,0.454578
Colombia,2000,17500.0,61900.0,63800.0,7.02,6.25,18.58,22.32,7.28,3.544946,0.42659
Colombia,2005,18800.0,60800.0,66700.0,6.72,5.89,,20.51,7.03,3.381037,0.36485
Colombia,2010,20000.0,64300.0,74100.0,,7.68,21.72,20.09,6.29,3.450576,0.316464
Comoros,1970,37.2,10.2,154.0,0.0,0.01,0.0,0.01,0.0,0.874913,0.710638
Comoros,1975,41.1,16.1,,0.0,0.01,0.0,0.01,0.0,0.865161,0.579782
Comoros,1980,43.3,24.4,183.0,0.0,0.01,0.01,0.01,,0.813354,0.524629
Comoros,1985,38.1,22.8,,0.0,0.01,0.01,,0.0,0.671484,0.395046
Comoros,1990,39.3,46.0,182.0,,0.01,,0.01,0.0,0.650071,
Comoros,1995,,54.7,195.0,0.01,0.01,0.02,0.01,0.0,0.615256,0.442781
Comoros,2000,47.7,62.3,210.0,0.01,,0.03,0.01,0.0,0.589859,0.412672
Comoros,2005,47.1,71.5,248.0,0.02,0.02,0.06,,0.0,0.599228,0.42189
Comoros,2010,53.8,95.9,299.0,0.03,0.02,0.07,0.02,0.0,0.650893,0.477071
Democratic Republic of the Congo,1970,1570.0,2960.0,,0.03,,0.42,0.43,0.39,0.595223,0.321703
Democratic Republic of the Congo,1975,1770.0,3200.0,8340.0,0.03,,0.57,0.28,0.58,0.581275,0.312826
Democratic Republic of the Congo,1980,1900.0,3590.0,9310.0,0.14,1.74,0.6,0.68,0.42,0.561549,0.391461
Democratic Republic of the Congo,1985,2150.0,3690.0,10800.0,0.14,1.92,0.54,0.65,,,0.402278
Democratic Republic of the Congo,1990,2580.0,3440.0,12800.0,0.03,1.46,0.57,0.94,0.45,0.542391,0.424616
Democratic Republic of the Congo,1995,2550.0,3430.0,17600.0,0.02,0.65,0.45,0.02,1.26,0.568088,0.775135
Democratic Republic of the Congo,2000,2680.0,2840.0,18000.0,0.0,0.02,0.79,0.04,1.12,0.499396,0.944081
Democratic Republic of the Congo,2005,2840.0,2880.0,20400.0,0.01,0.03,1.11,,1.31,0.476199,0.869749
Democratic Republic of the Congo,2010,3090.0,3350.0,23100.0,0.05,0.03,1.65,0.14,1.18,0.458194,0.751257
Congo,1970,246.0,1810.0,,0.04,0.04,0.35,0.14,0.19,5.418518,2.161517
Congo,1975,,7970.0,30800.0,0.06,0.05,0.39,0.1,0.87,24.54366,7.128168
Congo,1980,264.0,1830.0,5400.0,0.08,0.05,0.51,0.05,0.16,4.071697,1.175029
Congo,1985,302.0,2460.0,7900.0,0.0,0.08,0.6,0.07,0.24,5.013071,1.34687
Congo,1990,355.0,2370.0,8280.0,0.0,0.07,0.51,0.05,0.26,4.508659,0.877244
Congo,1995,354.0,2660.0,9050.0,0.0,0.08,0.42,0.04,2.21,4.312039,0.940554
Congo,2000,371.0,4520.0,10200.0,0.0,0.07,0.43,0.0,,4.663242,1.044234
Congo,2005,416.0,4410.0,9420.0,,0.06,0.72,0.02,3.52,3.833769,0.807807
Congo,2010,515.0,,9930.0,0.21,0.11,1.48,0.03,3.49,3.604319,0.695137
Costa Rica,1970,1060.0,3020.0,1450.0,0.09,0.08,0.68,0.43,0.16,2.989242,
Costa Rica,1975,1160.0,3720.0,,0.22,0.08,0.99,,0.23,3.270033,0.514615
Costa Rica,1980,,4200.0,2490.0,0.08,0.11,1.33,0.64,0.33,3.373652,0.44088
Costa Rica,1985,1500.0,4490.0,2200.0,0.04,0.06,1.2,0.65,0.24,2.998769,0.441585
Costa Rica,1990,1670.0,4420.0,2920.0,0.07,0.15,1.59,0.8,0.31,2.911553,0.399139
Costa Rica,1995,1670.0,3670.0,4990.0,0.76,0.32,2.59,0.77,0.52,2.93995,0.349629
Costa Rica,2000,1510.0,3380.0,5110.0,0.06,0.61,2.97,0.86,0.59,2.545987,0.266079
Costa Rica,2005,1280.0,3190.0,6640.0,0.23,0.42,,1.02,0.87,2.616247,0.241955
Costa Rica,2010,1490.0,3670.0,7270.0,0.54,0.42,4.56,1.09,0.63,2.73637,0.216028
Cote d'Ivoire,1970,738.0,2640.0,2910.0,0.47,,0.88,0.77,0.23,1.198332,0.374762
Cote d'Ivoire,1975,,,3490.0,0.59,0.32,1.01,1.11,0.39,1.176014,0.326533
Cote d'Ivoire,1980,,4000.0,4090.0,0.4,0.55,,0.89,0.6,,0.274426
Cote d'Ivoire,1985,1120.0,3360.0,4880.0,0.69,0.46,1.19,0.71,0.31,0.91627,0.268721
Cote d'Ivoire,1990,1350.0,2940.0,5760.0,0.41,0.53,1.19,0.57,0.31,0.819131,0.256507
Cote d'Ivoire,1995,1660.0,3670.0,7060.0,0.82,0.56,1.23,0.65,0.45,0.852136,
Cote d'Ivoire,2000,,,8000.0,1.83,1.93,1.29,1.28,0.62,0.995877,0.337905
Cote d'Ivoire,2005,2010.0,6430.0,9320.0,2.61,1.08,1.23,0.9,0.58,0.96859,0.361077
Cote d'Ivoire,2010,2290.0,6780.0,9960.0,2.76,0.84,1.51,1.13,1.15,0.932679,0.346726
Croatia,1970,3080.0,3700.0,21700.0,1.01,1.9,3.37,7.66,7.78,6.442582,0.293286
Croatia,1975,3450.0,4060.0,24200.0,1.41,,2.97,10.42,7.32,7.042647,
Croatia,1980,3570.0,4070.0,24700.0,3.12,2.09,3.04,11.34,5.14,7.03745,0.194697
Croatia,1985,3920.0,4120.0,,4.0,2.13,2.91,12.52,4.2,7.166665,0.200088
Croatia,1990,3270.0,4080.0,25500.0,,3.56,3.56,,4.84,6.87954,0.317182
Croatia,1995,2520.0,,17200.0,3.44,2.8,,5.28,,,0.398872
Croatia,2000,2660.0,3490.0,19700.0,4.23,3.39,4.32,4.85,2.82,5.843751,
Croatia,2005,2580.0,4000.0,23800.0,5.1,,5.43,5.53,3.72,6.94236,
Croatia,2010,2700.0,,21700.0,4.23,3.5,,4.68,3.2,6.658189,0.326025
Cuba,1970,7610.0,16400.0,21700.0,4.37,3.11,4.15,8.99,1.08,5.244303,0.692202
Cuba,1975,7340.0,15100.0,,5.88,4.34,4.58,9.19,1.77,5.109911,0.582131
Cuba,1980,8670.0,14700.0,33200.0,8.04,4.97,5.3,12.18,2.67,5.759171,0.581055
Cuba,1985,8620.0,,35200.0,9.17,4.92,,12.62,2.97,5.81834,
Cuba,1990,8410.0,14900.0,37100.0,11.62,,5.07,12.0,2.99,5.703716,
Cuba,1995,6560.0,13400.0,23800.0,10.8,2.84,,6.83,1.39,4.007891,
Cuba,2000,6450.0,14000.0,28900.0,,3.28,2.17,11.41,1.59,4.425868,0.393208
Cuba,2005,5740.0,12500.0,26200.0,12.77,,1.91,6.62,1.12,3.93159,0.277144
Cuba,2010,5730.0,13200.0,30900.0,15.89,,1.25,11.55,1.09,4.390667,0.239047
Cyprus,1970,255.0,778.0,2170.0,0.64,0.11,0.6,0.39,,5.222352,0.608793
Cyprus,1975,,738.0,2180.0,0.66,0.1,0.44,0.46,0.52,4.834351,0.670022
Cyprus,1980,197.0,873.0,3280.0,0.96,0.13,0.62,0.86,0.71,6.353404,0.571402
Cyprus,1985,,984.0,3160.0,1.15,0.14,0.8,0.68,0.39,6.226072,0.432827
Cyprus,1990,269.0,1090.0,4540.0,1.67,0.18,1.16,0.88,0.65,7.700358,0.428225
Cyprus,1995,299.0,1340.0,5610.0,2.07,0.2,1.46,1.32,0.56,8.476544,0.422001
Cyprus,2000,291.0,1430.0,7020.0,2.85,0.23,1.73,1.49,0.72,9.26927,
Cyprus,2005,330.0,1570.0,7880.0,3.49,0.54,2.02,1.0,0.83,9.520031,0.394999
Cyprus,2010,322.0,1620.0,7980.0,3.79,0.57,2.23,0.67,0.72,8.92026,0.354969
Czechia,1970,,18200.0,190000.0,33.94,42.04,,74.38,34.28,22.03245,1.576535
Czechia,1975,8820.0,19100.0,178000.0,42.36,36.01,,72.22,21.43,20.49456,1.270393
Czechia,1980,9560.0,19900.0,190000.0,52.84,35.46,6.41,73.25,22.18,21.22342,1.216312
Czechia,1985,8870.0,20600.0,193000.0,55.52,38.16,6.44,75.12,17.5,21.50071,1.174007
Czechia,1990,8110.0,19700.0,170000.0,64.03,28.94,6.95,50.27,12.64,,0.964925
Czechia,1995,6560.0,14200.0,133000.0,66.9,20.6,7.25,28.42,10.97,14.82093,0.779794
Czechia,2000,6640.0,13700.0,,67.01,15.64,11.87,26.71,9.46,14.66313,0.702635
Czechia,2005,6510.0,13400.0,,64.31,13.43,17.15,23.47,8.79,14.28327,0.562633
Czechia,2010,5990.0,12900.0,121000.0,64.14,14.22,16.6,17.51,8.22,,0.475102
Denmark,1970,,9290.0,62700.0,16.39,24.8,7.28,11.05,2.91,16.32558,0.722444
Denmark,1975,8950.0,9650.0,55500.0,15.66,,,8.44,2.91,14.63942,0.596794
Denmark,1980,9710.0,10100.0,65800.0,26.26,18.68,8.98,9.14,2.8,16.70399,0.603775
Denmark,1985,7550.0,9510.0,63800.0,30.8,11.97,10.78,7.48,2.89,15.81944,0.520593
Denmark,1990,7610.0,9200.0,53600.0,25.2,8.66,10.31,6.81,,13.70201,0.411835
Denmark,1995,6990.0,9340.0,61700.0,,8.15,11.7,7.81,3.38,14.90891,0.406597
Denmark,2000,6650.0,,54000.0,24.05,6.95,11.99,7.64,3.43,13.10253,0.314118
Denmark,2005,5950.0,,51500.0,21.22,6.37,13.33,7.53,3.04,12.28826,
Denmark,2010,5400.0,9310.0,48800.0,22.16,5.91,13.02,6.15,1.76,11.42954,0.266249
Djibouti,1970,88.6,263.0,98.4,0.0,0.34,0.13,0.33,0.01,2.817992,0.303306
Djibouti,1975,104.0,325.0,160.0,,0.37,0.15,0.37,0.01,2.62945,0.315716
Djibouti,1980,148.0,431.0,687.0,0.15,0.3,0.32,0.37,0.0,3.527351,0.700032
Djibouti,1985,150.0,,394.0,0.1,0.15,0.16,0.1,,2.280217,0.521664
Djibouti,1990,209.0,573.0,806.0,0.15,0.24,0.45,0.24,0.01,2.690141,0.867182
Djibouti,1995,,632.0,509.0,0.16,0.28,0.48,0.33,0.01,2.139149,0.861537
Djibouti,2000,233.0,683.0,743.0,0.23,0.27,0.63,0.15,0.01,2.312837,1.084768
Djibouti,2005,235.0,768.0,,0.32,0.28,0.73,0.13,0.01,2.506649,1.108771
Djibouti,2010,,846.0,1280.0,0.25,0.15,0.58,0.13,,2.78596,1.058182
Dominica,1970,12.6,21.6,24.9,0.0,0.0,0.0,,0.0,0.832285,0.293529
Dominica,1975,17.1,27.9,37.2,0.0,0.01,0.0,0.0,0.0,1.140328,0.304363
Dominica,1980,14.1,33.6,43.7,0.0,0.0,0.0,0.0,0.0,1.214235,0.332981
Dominica,1985,16.0,39.3,50.8,0.01,0.01,0.0,0.0,0.0,1.44051,0.276442
Dominica,1990,25.8,48.3,,0.01,0.01,0.0,0.0,0.0,,0.321094
Dominica,1995,19.3,49.0,92.0,0.02,0.01,0.01,0.0,0.0,2.245017,0.311353
Dominica,2000,,49.2,123.0,0.01,0.01,0.01,0.0,0.0,2.760514,0.338662
Dominica,2005,14.7,49.0,,0.01,0.0,0.01,0.0,0.0,2.781067,0.315246
Dominica,2010,,50.4,,0.03,,,0.0,0.0,3.068219,0.301288
Dominican Republic,1970,975.0,4700.0,3820.0,,0.19,,0.66,0.33,2.10895,0.721791
Dominican Republic,1975,1410.0,6200.0,5620.0,2.59,0.19,1.75,0.69,0.41,2.569315,0.61074
Dominican Republic,1980,1420.0,6830.0,6910.0,3.03,,1.79,1.24,0.58,2.610249,0.57225
Dominican Republic,1985,1570.0,7150.0,6840.0,3.32,0.45,1.97,0.5,0.61,2.398722,0.484198
Dominican Republic,1990,1860.0,7590.0,8040.0,3.24,1.02,2.31,0.83,0.62,2.43552,0.45737
Dominican Republic,1995,2070.0,7980.0,12000.0,4.96,1.73,3.51,1.02,0.76,2.792178,0.446672
Dominican Republic,2000,1940.0,7390.0,,9.37,1.43,,2.42,,3.257851,0.405269
Dominican Republic,2005,2240.0,8410.0,19300.0,8.44,,5.53,2.88,1.23,3.243763,
Dominican Republic,2010,,,20700.0,8.96,1.52,5.43,3.73,1.76,3.391385,0.302788
Ecuador,1970,1830.0,5030.0,11300.0,0.58,0.45,1.84,,1.0,2.983058,0.713182
Ecuador,1975,2030.0,7520.0,12400.0,0.97,1.23,2.66,1.08,1.07,3.148362,0.509224
Ecuador,1980,2660.0,12800.0,15200.0,2.26,,3.99,2.33,1.69,3.842812,0.503042
Ecuador,1985,2880.0,14800.0,18700.0,1.34,2.33,5.76,2.24,2.21,4.024842,
Ecuador,1990,3000.0,17000.0,25300.0,1.2,1.48,7.83,2.81,2.8,4.438946,
Ecuador,1995,3850.0,19100.0,25600.0,2.62,1.8,8.27,4.0,4.08,4.248317,0.549257
Ecuador,2000,3710.0,19900.0,18600.0,2.31,2.14,,4.96,3.68,3.344437,0.452435
Ecuador,2005,3940.0,27300.0,22000.0,4.4,4.37,9.72,5.44,4.39,3.871579,0.45031
Ecuador,2010,4770.0,36700.0,24500.0,,5.64,12.51,5.83,5.76,4.423703,0.472313
Egypt,1970,7250.0,27800.0,25000.0,2.49,4.44,4.0,9.12,5.11,1.71257,0.504014
Egypt,1975,8270.0,30900.0,31200.0,3.18,5.31,4.63,12.46,5.86,1.79572,0.453711
Egypt,1980,9420.0,21100.0,44900.0,7.98,8.04,8.21,16.52,4.36,1.709694,0.372694
Egypt,1985,,27700.0,70700.0,16.32,12.77,12.24,23.14,,2.162412,
Egypt,1990,11300.0,38500.0,90800.0,22.38,9.76,16.15,29.57,12.92,2.449608,0.414517
Egypt,1995,15100.0,,98300.0,23.31,9.89,21.23,,17.04,2.515384,0.399897
Egypt,2000,17400.0,,122000.0,27.08,11.12,29.25,32.29,,2.600631,0.352061
Egypt,2005,20800.0,55500.0,173000.0,52.0,17.53,30.79,44.34,31.67,3.248624,0.405899
Egypt,2010,25000.0,57200.0,212000.0,62.63,22.44,,46.53,35.21,,0.354977
El Salvador,1970,1080.0,2680.0,1580.0,0.18,0.15,0.57,0.41,0.27,1.455755,0.30237
El Salvador,1975,1190.0,2660.0,2350.0,0.52,0.12,0.76,,0.42,1.494483,0.282331
El Salvador,1980,1170.0,,2070.0,0.03,0.15,0.86,0.57,0.47,1.359807,0.231029
El Salvador,1985,1180.0,2790.0,2130.0,0.12,0.14,0.96,0.42,0.48,1.236654,0.272389
El Salvador,1990,1230.0,3120.0,,0.15,,,0.52,0.53,1.329103,0.293649
El Salvador,1995,1170.0,,5160.0,1.31,0.31,2.12,0.84,0.58,1.679236,0.293249
El Salvador,2000,1260.0,3120.0,5820.0,1.11,0.44,,,0.63,1.73861,0.273163
El Salvador,2005,1290.0,3460.0,6920.0,1.48,0.5,3.06,,0.65,1.936039,0.278254
El Salvador,2010,1430.0,3110.0,6740.0,1.33,0.65,3.01,0.83,0.88,1.830923,0.250662
Equatorial Guinea,1970,15.1,30.8,87.4,,0.01,0.0,0.01,0.0,0.434881,0.618781
Equatorial Guinea,1975,16.3,36.5,84.6,0.0,0.01,0.01,0.01,0.0,0.528973,0.49041
Equatorial Guinea,1980,18.5,48.7,89.2,0.01,0.01,0.01,,0.0,0.612764,0.551073
Equatorial Guinea,1985,21.1,58.6,111.0,0.01,0.01,0.01,,0.0,0.5309,0.558995
Equatorial Guinea,1990,20.4,71.0,111.0,0.01,0.02,0.04,0.02,0.0,0.47323,
Equatorial Guinea,1995,25.7,1270.0,4400.0,0.01,0.02,0.04,0.03,,11.26678,7.044082
Equatorial Guinea,2000,33.6,,5390.0,0.03,0.03,0.08,0.02,2.38,12.90171,1.279893
Equatorial Guinea,2005,34.3,3340.0,6740.0,0.08,0.02,0.06,0.01,3.2,13.35609,0.455926
Equatorial Guinea,2010,34.3,2920.0,6280.0,0.21,0.09,,0.94,2.78,9.709557,0.341188
Eritrea,1970,44.9,720.0,1930.0,0.03,0.0,0.05,,0.02,1.485885,0.0
Eritrea,1975,37.4,697.0,1890.0,0.03,0.0,0.06,0.06,0.02,1.264051,0.0
Eritrea,1980,42.7,,2000.0,0.03,0.0,0.07,0.05,0.02,,0.0
Eritrea,1985,47.0,734.0,2110.0,0.03,0.0,0.06,0.06,0.02,1.048975,0.0
Eritrea,1990,48.0,797.0,2290.0,0.02,0.0,0.11,0.05,0.02,1.005441,0.92802
Eritrea,1995,805.0,871.0,2710.0,0.3,0.05,,0.07,0.03,,0.894869
Eritrea,2000,667.0,1240.0,3400.0,0.29,0.08,0.21,0.04,0.05,1.562868,0.931541
Eritrea,2005,606.0,1230.0,3510.0,0.29,0.09,,0.04,0.03,1.34538,0.826915
Eritrea,2010,504.0,1270.0,3770.0,0.25,0.06,0.11,0.02,0.02,1.262235,0.891457
Estonia,1970,1240.0,3470.0,,5.32,2.45,2.42,3.34,0.92,32.9113,4.174369
Estonia,1975,1490.0,3800.0,44900.0,6.61,2.9,2.72,4.15,1.07,35.31285,3.580068
Estonia,1980,,3820.0,45200.0,5.5,2.35,2.66,4.97,1.43,34.33356,2.956135
Estonia,1985,1680.0,3930.0,,5.71,2.27,2.45,4.2,1.66,31.76488,2.546234
Estonia,1990,1490.0,3880.0,37100.0,26.41,2.49,2.36,4.79,2.43,27.12527,1.876459
Estonia,1995,795.0,2620.0,17000.0,12.08,0.71,1.39,1.82,2.73,14.26403,1.283798
Estonia,2000,746.0,2670.0,15400.0,11.29,0.6,,1.02,2.41,13.45195,0.880429
Estonia,2005,818.0,2610.0,17900.0,,0.74,2.14,1.22,2.79,15.72738,0.708522
Estonia,2010,756.0,2840.0,18600.0,15.0,0.58,2.25,0.86,,16.67636,
Ethiopia,1970,1430.0,,32800.0,0.3,0.09,0.55,0.38,0.12,1.665362,2.678881
Ethiopia,1975,1300.0,12900.0,,0.24,0.09,0.53,0.33,0.12,1.427473,2.265853
Ethiopia,1980,1470.0,13100.0,33700.0,0.19,0.16,0.64,,0.11,1.368804,1.886858
Ethiopia,1985,,13600.0,36400.0,,0.17,0.65,0.34,0.15,1.26343,1.821208
Ethiopia,1990,2400.0,15100.0,40800.0,0.16,,0.93,0.68,0.22,1.211958,1.85964
Ethiopia,1995,2710.0,16100.0,43700.0,,,1.09,0.58,0.37,1.090686,1.897471
Ethiopia,2000,3710.0,18100.0,,0.02,,1.59,0.79,0.5,1.065108,1.721355
Ethiopia,2005,5310.0,22800.0,,0.01,1.15,,1.15,0.84,1.206222,1.646278
Ethiopia,2010,6300.0,30800.0,86300.0,0.06,1.35,2.85,1.73,0.87,1.407496,1.310293
Fiji,1970,175.0,242.0,507.0,0.06,,,,0.04,1.774353,0.512432
Fiji,1975,216.0,276.0,570.0,0.21,0.34,,0.06,0.05,1.842113,0.384301
Fiji,1980,287.0,649.0,654.0,0.31,0.35,0.31,0.1,0.05,2.501702,0.426346
Fiji,1985,303.0,526.0,739.0,0.25,0.16,0.28,0.1,0.06,2.203246,0.386769
Fiji,1990,354.0,586.0,817.0,0.3,0.28,0.28,0.12,0.05,2.41013,0.386375
Fiji,1995,,600.0,946.0,0.17,0.17,0.25,,0.06,2.500454,0.375605
Fiji,2000,336.0,536.0,894.0,0.38,0.09,,0.23,0.06,2.177417,0.307913
Fiji,2005,379.0,,872.0,0.99,0.11,0.67,,,2.604193,0.330972
Fiji,2010,407.0,1170.0,876.0,0.38,,0.56,0.06,,2.846761,0.366241
Finland,1970,6290.0,12500.0,,8.44,,6.02,13.92,3.65,13.65185,0.891628
Finland,1975,7150.0,11700.0,48000.0,10.17,11.25,7.54,,3.85,14.17232,0.7281
Finland,1980,,13100.0,58500.0,19.59,11.44,,15.5,3.61,16.41175,0.780412
Finland,1985,6730.0,12200.0,51500.0,16.68,8.07,9.5,14.03,3.24,14.3445,
Finland,1990,7060.0,13100.0,57000.0,18.16,8.64,11.72,15.32,3.41,15.42956,0.541077
Finland,1995,6420.0,13300.0,61300.0,22.93,7.76,11.36,13.67,3.82,15.83235,0.580958
Finland,2000,6260.0,13200.0,60100.0,22.57,5.95,11.75,14.35,3.35,,0.445302
Finland,2005,6620.0,12800.0,60100.0,23.21,5.77,12.63,13.33,3.42,15.11932,0.391675
Finland,2010,6640.0,14500.0,,31.85,5.17,12.46,12.53,3.31,16.45138,0.41731
France and Monaco,1970,59900.0,89800.0,467000.0,76.16,105.68,,,52.62,12.13764,0.716813
France and Monaco,1975,67600.0,85900.0,472000.0,90.06,123.61,73.4,136.11,48.64,11.80231,0.545886
France and Monaco,1980,68000.0,,505000.0,111.83,119.5,88.39,135.47,48.89,12.16769,0.483496
France and Monaco,1985,70600.0,,395000.0,53.43,107.75,92.78,,42.53,9.887829,0.371155
France and Monaco,1990,61600.0,76600.0,,47.09,96.73,113.47,,40.63,9.210657,0.304471
France and Monaco,1995,61400.0,74800.0,,38.1,,122.32,87.53,38.06,8.900769,0.282359
France and Monaco,2000,45400.0,,405000.0,48.85,99.48,132.48,83.83,37.4,8.769216,
France and Monaco,2005,42600.0,69900.0,415000.0,,112.63,130.87,69.81,36.3,8.606076,0.229417
France and Monaco,2010,41200.0,68100.0,386000.0,55.06,102.68,,59.76,37.49,7.861175,0.207303
French Polynesia,1970,12.4,59.7,,0.01,0.07,0.05,0.01,0.0,,0.104116
French Polynesia,1975,13.5,71.1,67.1,,0.07,0.06,0.0,0.0,1.162202,0.113569
French Polynesia,1980,18.9,84.4,127.0,0.06,0.07,0.06,0.01,0.01,1.516433,0.136018
French Polynesia,1985,27.4,105.0,439.0,0.25,0.16,0.28,0.04,0.01,3.260656,0.241499
French Polynesia,1990,28.9,112.0,,0.27,0.26,0.26,0.04,0.01,2.98961,0.20024
French Polynesia,1995,27.1,,344.0,0.12,0.12,0.18,,0.01,2.278261,0.154215
French Polynesia,2000,36.4,,452.0,0.2,0.05,0.2,0.09,0.01,,0.16387
French Polynesia,2005,41.2,125.0,645.0,,0.04,0.25,0.12,,3.181879,0.184083
French Polynesia,2010,40.7,132.0,687.0,0.3,0.09,0.44,,0.01,3.207495,0.169151
Gabon,1970,71.7,676.0,1010.0,0.08,0.0,0.0,,0.11,2.980376,
Gabon,1975,101.0,5090.0,18500.0,0.08,0.06,0.04,0.57,3.26,36.3938,1.960713
Gabon,1980,124.0,6150.0,20400.0,0.12,0.09,0.24,0.84,3.65,36.61476,1.608063
Gabon,1985,153.0,7840.0,25600.0,0.24,0.32,0.32,,,40.49264,
Gabon,1990,160.0,6170.0,22500.0,0.27,0.14,0.32,,3.95,30.31854,1.552603
Gabon,1995,175.0,5670.0,16600.0,0.29,0.19,0.34,0.49,4.35,20.65425,
Gabon,2000,,6510.0,11800.0,0.43,0.17,0.32,0.54,5.14,15.01032,0.845497
Gabon,2005,,6530.0,,0.6,0.2,0.37,0.57,4.66,12.73989,0.747996
Gabon,2010,232.0,5650.0,8430.0,0.76,0.31,0.63,0.94,3.3,8.728333,0.568236
Gambia,1970,38.0,131.0,493.0,0.0,0.03,0.01,0.03,0.0,1.481363,0.922055
Gambia,1975,,,509.0,0.0,0.03,0.01,0.03,0.0,1.354312,
Gambia,1980,84.3,163.0,537.0,0.01,0.03,0.03,0.03,0.0,1.298591,0.753058
Gambia,1985,89.3,,531.0,0.02,0.03,0.03,0.02,0.01,1.106529,0.67428
Gambia,1990,102.0,182.0,589.0,0.02,0.03,0.06,0.03,0.01,0.951817,0.627712
Gambia,1995,126.0,197.0,646.0,0.02,0.04,0.06,0.04,0.01,0.908444,0.628029
Gambia,2000,153.0,213.0,,0.04,0.04,0.1,0.02,0.01,0.864456,0.553524
Gambia,2005,181.0,,878.0,0.05,0.04,0.11,,0.01,,0.587933
Gambia,2010,229.0,278.0,1220.0,0.1,0.06,0.24,,0.01,1.018672,0.616398
Georgia,1970,2550.0,3400.0,26000.0,5.89,3.49,4.76,7.94,,6.786458,1.753812
Georgia,1975,3100.0,3810.0,32500.0,10.14,4.17,5.06,9.95,7.95,8.082942,
Georgia,1980,3200.0,3900.0,36700.0,12.92,4.86,4.74,12.33,4.83,,1.505329
Georgia,1985,3070.0,,36000.0,13.55,5.59,4.32,11.09,1.33,8.280673,1.334041
Georgia,1990,2610.0,4240.0,34700.0,17.11,5.27,3.72,,,7.683205,1.079329
Georgia,1995,1630.0,3160.0,8600.0,5.37,0.82,1.03,,0.48,2.667325,1.231006
Georgia,2000,,3450.0,5360.0,1.68,1.35,0.95,0.65,0.74,2.264003,0.740353
Georgia,2005,,3350.0,4950.0,0.88,1.0,1.51,0.67,,2.262656,0.493536
Georgia,2010,1900.0,2980.0,,0.82,1.16,2.26,0.76,1.23,2.540965,0.407008
Germany,1970,74700.0,,1080000.0,322.56,268.35,94.13,301.31,,,0.916767
Germany,1975,76500.0,164000.0,1060000.0,350.18,245.25,105.97,277.27,83.73,16.51799,0.740881
Germany,1980,77200.0,166000.0,1140000.0,408.76,254.53,128.48,256.34,89.88,17.64865,0.665344
Germany,1985,76000.0,157000.0,1090000.0,395.08,251.4,130.61,227.12,85.91,17.05487,0.605879
Germany,1990,67500.0,143000.0,1020000.0,381.46,213.48,158.6,186.41,78.14,15.55018,0.49225
Germany,1995,65500.0,119000.0,919000.0,348.92,192.65,167.93,147.04,62.19,13.58623,0.399128
Germany,2000,44300.0,98400.0,,335.22,172.07,173.47,131.49,58.87,12.44737,0.333769
Germany,2005,42400.0,,837000.0,350.31,,155.63,119.96,50.68,11.7686,0.307266
Germany,2010,41000.0,71200.0,816000.0,337.98,151.9,148.12,120.74,57.21,11.47668,0.27912
Ghana,1970,914.0,2370.0,3600.0,0.04,0.38,1.04,0.46,0.45,,0.362343
Ghana,1975,1070.0,2920.0,4210.0,0.03,0.46,1.23,0.59,0.62,0.834386,0.351741
Ghana,1980,1030.0,2690.0,4550.0,0.03,0.42,1.26,0.47,0.5,0.766226,0.41319
Ghana,1985,1190.0,2400.0,5160.0,0.03,0.53,1.27,0.27,0.31,0.688698,0.416729
Ghana,1990,,3190.0,5800.0,0.0,0.56,1.62,0.36,,0.706091,0.367873
Ghana,1995,,4120.0,6930.0,0.02,0.62,2.05,0.53,0.91,0.747071,0.361821
Ghana,2000,1840.0,6170.0,8010.0,0.48,0.8,2.93,0.77,1.14,0.845607,0.374441
Ghana,2005,2080.0,7280.0,9300.0,1.01,0.67,3.6,,0.93,0.866096,0.34112
Ghana,2010,2420.0,11400.0,11400.0,3.02,0.94,5.14,1.35,0.97,,0.3363
Greece,1970,4980.0,12600.0,30100.0,6.07,4.53,4.5,9.45,5.55,5.508401,0.391938
Greece,1975,6000.0,15200.0,41800.0,13.15,6.24,5.13,9.81,7.44,6.987846,0.396516
Greece,1980,6500.0,16500.0,,,5.87,9.55,,9.37,8.052682,0.388868
Greece,1985,7390.0,18000.0,63600.0,25.61,7.01,11.67,10.19,9.12,8.916999,
Greece,1990,6860.0,20000.0,79200.0,34.97,8.07,15.06,11.76,9.34,10.34869,0.493654
Greece,1995,6120.0,,85300.0,39.75,8.0,16.71,12.02,8.82,10.48536,0.494883
Greece,2000,5980.0,23300.0,97100.0,44.71,,19.07,13.22,,11.33651,0.462274
Greece,2005,5550.0,23600.0,,,14.05,21.78,12.03,9.68,,0.405527
Greece,2010,5020.0,,90000.0,42.04,,21.99,9.87,6.63,10.37738,0.365149
Greenland,1970,2.33,25.6,,0.0,0.0,,0.0,0.0,3.211167,0.326717
Greenland,1975,2.53,25.5,132.0,0.0,0.0,0.0,,0.0,3.220644,0.259107
Greenland,1980,2.63,26.0,144.0,0.0,0.0,0.0,0.0,0.0,3.439736,0.20064
Greenland,1985,2.85,27.7,156.0,,,0.0,0.0,0.0,3.513199,0.22161
Greenland,1990,3.06,28.3,169.0,0.0,0.0,0.0,0.0,0.0,3.599784,0.211819
Greenland,1995,3.17,28.7,181.0,0.0,0.0,0.0,0.0,0.0,,0.227541
Greenland,2000,3.29,28.6,193.0,0.0,0.0,0.0,0.0,0.0,4.010855,0.199434
Greenland,2005,3.45,28.7,206.0,0.13,0.35,0.09,0.06,0.0,4.175243,0.201905
Greenland,2010,3.54,28.9,213.0,0.1,0.31,0.08,0.17,0.0,4.335322,0.142855
Grenada,1970,7.39,30.8,36.3,0.01,0.01,0.0,0.0,0.0,0.78846,0.29202
Grenada,1975,6.83,29.6,57.1,0.01,,0.0,0.0,0.0,1.011394,0.291887
Grenada,1980,8.61,33.0,61.6,0.01,0.01,0.0,0.0,0.0,1.159331,0.247387
Grenada,1985,8.33,32.6,76.9,0.01,0.01,0.0,0.0,0.0,1.179309,0.216566
Grenada,1990,9.09,30.0,145.0,0.03,0.03,0.01,0.0,0.0,1.917174,0.255301
Grenada,1995,10.2,32.3,165.0,0.03,0.02,0.01,0.0,0.0,2.074841,0.275137
Grenada,2000,18.4,41.5,,0.03,0.01,0.02,0.01,,4.805556,0.497464
Grenada,2005,19.0,43.2,403.0,0.06,0.02,0.04,0.01,0.0,4.517857,
Grenada,2010,,,508.0,0.07,0.02,,0.01,0.0,5.488187,0.491163
Guatemala,1970,1260.0,3830.0,2490.0,0.39,0.22,,0.98,0.22,1.348964,0.307322
Guatemala,1975,,4280.0,3320.0,0.71,0.31,1.15,,0.3,1.396591,0.271427
Guatemala,1980,1660.0,4830.0,,1.54,,,0.9,0.43,1.531968,0.25924
Guatemala,1985,,5270.0,3680.0,0.93,0.44,1.27,0.54,0.47,1.307148,0.253664
Guatemala,1990,2090.0,5630.0,3910.0,0.16,0.55,1.71,0.79,,1.255735,0.246124
Guatemala,1995,,6300.0,6740.0,1.05,0.75,2.71,1.34,0.85,1.492912,0.266699
Guatemala,2000,,6970.0,9620.0,2.4,1.02,3.84,1.33,1.0,1.665806,
Guatemala,2005,2600.0,7550.0,11700.0,3.17,0.56,5.14,1.73,1.08,1.668704,
Guatemala,2010,3350.0,9550.0,11800.0,2.54,0.6,5.67,1.5,1.32,1.689214,0.251452
Guinea,1970,582.0,875.0,4780.0,0.0,0.18,0.07,0.18,0.07,1.478451,1.554326
Guinea,1975,685.0,962.0,5110.0,0.0,,0.08,0.2,0.08,1.549209,1.501251
Guinea,1980,891.0,1010.0,5340.0,0.08,0.17,,0.2,0.1,1.605275,1.423489
Guinea,1985,899.0,981.0,5110.0,0.1,0.15,0.16,0.1,0.1,1.375446,1.273048
Guinea,1990,1140.0,1050.0,4780.0,0.13,0.21,0.39,0.21,0.12,1.154128,1.026553
Guinea,1995,1250.0,1380.0,5500.0,0.11,0.2,,0.23,0.15,1.033489,0.989038
Guinea,2000,1390.0,1710.0,6350.0,0.17,,0.45,0.11,0.17,1.073179,0.9487
Guinea,2005,1410.0,2110.0,8300.0,0.23,0.2,0.53,0.1,,1.221122,1.019952
Guinea,2010,1780.0,2650.0,10000.0,0.28,0.17,0.65,0.15,,1.337684,1.119214
Guinea-Bissau,1970,34.6,150.0,521.0,0.0,0.02,0.01,,0.0,0.991632,0.724083
Guinea-Bissau,1975,47.4,174.0,780.0,0.0,0.02,0.01,0.02,0.0,1.285785,0.880287
Guinea-Bissau,1980,74.6,203.0,742.0,0.01,0.01,0.01,0.02,0.0,1.273997,0.775508
Guinea-Bissau,1985,89.4,228.0,777.0,0.02,0.03,,0.02,0.0,,0.787778
Guinea-Bissau,1990,153.0,271.0,848.0,0.03,0.04,0.08,0.04,0.01,1.257471,0.800182
Guinea-Bissau,1995,,304.0,944.0,0.03,0.05,,0.05,0.01,1.236278,0.756706
Guinea-Bissau,2000,189.0,346.0,1030.0,0.05,0.05,0.13,0.03,0.01,1.257238,0.925402
Guinea-Bissau,2005,223.0,356.0,1090.0,0.06,0.05,0.14,0.03,0.01,1.205098,0.905183
Guinea-Bissau,2010,285.0,447.0,1400.0,0.09,0.05,0.2,0.05,0.01,1.369012,0.983458
Guyana,1970,1780.0,1540.0,1500.0,,0.2,,0.0,0.0,6.850585,1.89384
Guyana,1975,2010.0,1580.0,2110.0,,,0.03,0.0,0.0,7.637016,1.899109
Guyana,1980,1380.0,1530.0,1990.0,0.27,0.2,0.05,0.0,0.0,6.27723,1.684059
Guyana,1985,1070.0,1520.0,1870.0,0.3,0.23,0.08,0.01,0.01,5.803345,1.889949
Guyana,1990,824.0,1520.0,,0.13,0.13,0.05,0.01,0.01,5.388557,1.898497
Guyana,1995,1450.0,1600.0,1840.0,,0.15,0.09,0.02,0.01,6.420567,1.6455
Guyana,2000,1180.0,1610.0,2530.0,0.33,0.15,0.25,0.06,0.01,,1.564969
Guyana,2005,1110.0,,2430.0,0.34,0.1,0.24,0.04,0.01,6.916689,1.476691
Guyana,2010,1280.0,,2710.0,0.36,0.12,0.26,0.03,,7.578279,1.299131
Haiti,1970,989.0,536.0,3710.0,0.06,0.02,0.14,0.15,0.16,1.111088,0.484819
Haiti,1975,1020.0,609.0,3960.0,0.01,0.03,0.2,0.17,0.2,1.086033,0.478824
Haiti,1980,1090.0,862.0,4520.0,0.07,0.04,0.3,0.21,0.24,1.137231,0.420228
Haiti,1985,1020.0,1050.0,4570.0,0.16,0.06,0.3,,0.25,1.040406,0.441431
Haiti,1990,881.0,1150.0,4310.0,0.25,0.08,0.43,0.18,0.21,0.892854,0.426343
Haiti,1995,1020.0,1130.0,4970.0,0.16,0.1,0.5,0.14,0.23,0.910364,0.542228
Haiti,2000,1360.0,1610.0,5480.0,0.19,0.23,0.71,0.25,0.23,0.988645,0.568202
Haiti,2005,,2230.0,7790.0,0.17,0.27,1.15,0.38,,1.237459,
Haiti,2010,1470.0,2320.0,8770.0,,0.21,1.08,0.53,0.26,1.254831,0.836232
Honduras,1970,,1220.0,2960.0,0.13,0.18,0.45,0.36,0.1,2.106009,0.793848
Honduras,1975,1580.0,1480.0,,0.12,,0.52,0.47,0.15,2.046121,0.764859
Honduras,1980,1700.0,1860.0,3730.0,0.16,0.32,0.62,0.61,0.17,1.983438,
Honduras,1985,,1860.0,4620.0,0.06,0.26,0.77,0.59,0.18,1.960653,0.648256
Honduras,1990,1880.0,2350.0,4470.0,0.02,,1.05,0.78,0.17,,0.553552
Honduras,1995,2350.0,3780.0,4440.0,0.9,0.37,1.55,0.75,0.21,1.851634,0.565204
Honduras,2000,2810.0,5020.0,4020.0,1.04,0.29,2.11,1.04,0.54,1.817396,0.545677
Honduras,2005,2610.0,7810.0,,2.32,0.71,2.25,1.88,0.65,2.256046,0.6104
Honduras,2010,2750.0,8040.0,6780.0,2.26,0.39,2.99,1.7,0.66,,0.539902
Hong Kong,1970,113.0,1050.0,9570.0,4.42,,1.29,2.54,0.31,2.771964,0.324736
Hong Kong,1975,127.0,1190.0,11300.0,5.54,0.92,1.45,2.99,0.37,2.985426,0.264523
Hong Kong,1980,162.0,1390.0,15600.0,9.03,0.93,,2.15,0.79,3.489208,0.226921
Hong Kong,1985,272.0,1490.0,23800.0,,0.85,2.84,2.83,0.91,4.78447,0.233937
Hong Kong,1990,418.0,1740.0,35200.0,24.45,1.28,4.59,2.99,0.88,6.462993,
Hong Kong,1995,484.0,1860.0,38700.0,24.36,1.73,7.51,,0.92,6.676345,0.206043
Hong Kong,2000,529.0,2080.0,42200.0,22.67,1.85,11.56,4.27,0.8,6.72954,
Hong Kong,2005,444.0,,,29.56,1.74,6.12,3.92,0.59,6.691626,0.163885
Hong Kong,2010,427.0,2080.0,,28.17,,6.56,,0.7,6.411606,0.133189
Hungary,1970,9980.0,12800.0,66000.0,20.51,16.0,,16.04,6.91,8.560768,1.287183
Hungary,1975,12100.0,,,27.54,17.05,7.66,18.55,7.94,9.889478,1.17204
Hungary,1980,13300.0,15200.0,91400.0,32.51,20.57,8.47,,9.54,11.15168,0.866648
Hungary,1985,12900.0,15000.0,87400.0,29.92,22.33,7.74,19.76,8.07,10.91939,0.76025
Hungary,1990,9370.0,12600.0,72000.0,20.82,19.8,8.4,16.65,6.27,9.049711,0.584053
Hungary,1995,5570.0,9490.0,61400.0,22.34,16.16,7.12,10.62,5.15,7.38722,0.489042
Hungary,2000,6410.0,9670.0,58300.0,22.04,14.85,8.87,7.51,5.03,7.279392,0.410014
Hungary,2005,,9660.0,59700.0,18.36,17.39,11.79,7.17,5.04,7.665494,0.345349
Hungary,2010,5830.0,9270.0,51800.0,16.09,13.84,11.65,5.55,4.54,6.742151,0.302031
Iceland,1970,372.0,432.0,1940.0,0.03,0.8,0.29,0.2,0.62,13.42036,0.973046
Iceland,1975,430.0,490.0,2370.0,,0.87,0.38,0.31,0.76,15.104,0.76468
Iceland,1980,,474.0,2440.0,0.03,0.72,0.47,,0.69,14.57511,
Iceland,1985,419.0,490.0,,0.01,0.54,0.5,0.58,0.51,12.62187,0.497355
Iceland,1990,376.0,469.0,2350.0,0.0,0.71,0.63,0.55,0.45,12.51043,0.436673
Iceland,1995,351.0,481.0,2450.0,0.01,0.82,0.61,,0.49,12.26428,0.442723
Iceland,2000,358.0,503.0,2870.0,0.01,0.76,,0.76,0.71,13.28975,0.394002
Iceland,2005,370.0,505.0,3140.0,0.01,0.73,0.67,0.83,0.93,13.61818,
Iceland,2010,373.0,526.0,3670.0,0.0,0.61,0.85,0.49,1.72,14.25896,0.369256
India,1970,73900.0,478000.0,,37.85,38.63,49.23,74.99,33.03,1.417461,0.998938
India,1975,84200.0,506000.0,278000.0,59.81,37.69,52.32,91.71,36.73,,0.973867
India,1980,101000.0,536000.0,326000.0,74.89,44.69,54.78,87.72,38.74,1.382315,1.068637
India,1985,125000.0,579000.0,472000.0,131.56,66.25,,125.46,56.82,1.50329,1.014497
India,1990,146000.0,617000.0,662000.0,215.75,85.77,64.64,164.32,75.49,1.638066,0.923116
India,1995,170000.0,650000.0,879000.0,345.82,108.46,78.34,175.14,83.67,,0.859064
India,2000,,,1070000.0,459.14,116.34,95.09,219.99,96.02,1.83163,0.724723
India,2005,200000.0,,1270000.0,561.4,133.76,114.67,269.87,131.06,1.915228,0.594812
India,2010,238000.0,794000.0,,789.75,167.91,191.28,445.49,157.46,2.346308,0.533391
Indonesia,1970,39200.0,31100.0,135000.0,3.65,6.56,8.1,6.79,5.5,1.788428,1.090351
Indonesia,1975,41300.0,49000.0,156000.0,4.2,11.3,11.65,10.65,10.34,1.881017,0.815861
Indonesia,1980,,90400.0,196000.0,6.85,18.05,17.85,24.86,21.25,2.254795,0.769376
Indonesia,1985,52800.0,105000.0,,11.56,,21.12,33.37,20.41,2.053982,0.577695
Indonesia,1990,58200.0,163000.0,207000.0,22.49,23.35,32.2,55.89,28.07,2.36033,
Indonesia,1995,,239000.0,218000.0,35.49,29.79,49.26,89.66,34.16,2.64233,0.438459
Indonesia,2000,63800.0,298000.0,208000.0,61.94,45.02,62.69,,39.42,,0.463945
Indonesia,2005,69000.0,364000.0,,92.94,42.31,70.64,112.72,41.38,2.912885,0.42657
Indonesia,2010,74500.0,427000.0,,122.65,30.86,101.33,121.42,41.9,,
Iran,1970,,190000.0,79600.0,4.93,11.97,7.53,14.48,44.31,9.783965,0.489827
Iran,1975,11600.0,238000.0,122000.0,9.72,21.31,14.98,22.02,58.15,,0.402081
Iran,1980,13500.0,110000.0,114000.0,13.63,,21.34,23.21,,6.15566,0.357021
Iran,1985,17400.0,85900.0,,26.23,,,32.59,21.32,5.678943,0.430947
Iran,1990,20600.0,148000.0,205000.0,35.91,52.88,39.15,43.29,,6.647501,0.653779
Iran,1995,23300.0,,279000.0,51.86,83.88,,53.09,33.65,7.38101,0.677821
Iran,2000,26200.0,122000.0,353000.0,70.21,101.26,76.49,64.27,39.43,7.577739,0.639348
Iran,2005,35900.0,148000.0,469000.0,97.12,124.35,104.93,,50.18,9.270247,0.637144
Iran,2010,31000.0,,573000.0,132.54,133.69,116.74,115.55,70.94,10.29912,0.590438
Iraq,1970,,,23200.0,,2.17,2.46,2.06,12.88,8.793095,1.223235
Iraq,1975,3080.0,93200.0,,,,4.35,3.69,21.07,11.37494,0.983053
Iraq,1980,3650.0,103000.0,51400.0,6.82,4.05,,5.53,25.52,11.54679,0.753971
Iraq,1985,4040.0,61400.0,51800.0,9.53,3.73,16.01,8.7,16.62,7.532433,0.706877
Iraq,1990,,54300.0,68200.0,13.8,6.18,21.77,,16.85,7.274977,0.631331
Iraq,1995,,34200.0,113000.0,50.4,,24.73,,15.21,7.554623,1.149703
Iraq,2000,5480.0,47600.0,86600.0,21.08,8.74,26.37,14.31,16.02,,0.486772
Iraq,2005,,46400.0,91400.0,24.18,12.6,26.05,10.34,15.93,5.289862,0.485644
Iraq,2010,6510.0,59300.0,125000.0,53.53,10.47,27.96,11.57,22.07,6.194031,0.487721
Ireland,1970,5340.0,12100.0,21100.0,6.04,6.4,,4.51,,13.05076,1.115015
Ireland,1975,,13800.0,23100.0,,6.34,3.43,4.7,2.02,13.61098,
Ireland,1980,7230.0,14300.0,28300.0,,7.26,4.55,5.97,2.46,14.50934,0.843188
Ireland,1985,7160.0,14900.0,29100.0,,7.59,4.46,6.08,2.62,14.34947,0.789258
Ireland,1990,7810.0,,32900.0,10.67,10.36,4.9,4.18,2.74,15.90103,0.75931
Ireland,1995,8090.0,17300.0,35300.0,,9.38,5.9,4.4,2.65,16.61794,0.646753
Ireland,2000,8040.0,17900.0,44200.0,15.39,9.53,10.33,5.59,3.38,18.21754,0.462706
Ireland,2005,7240.0,18500.0,47700.0,15.13,10.52,,5.95,3.03,17.4508,0.37483
Ireland,2010,7090.0,17100.0,42000.0,13.13,10.75,,3.92,1.94,14.30881,0.324835
"Israel and Palestine, State of",1970,1190.0,2330.0,14900.0,5.99,1.69,3.16,,1.14,6.472986,0.50789
"Israel and Palestine, State of",1975,1470.0,2860.0,,7.43,1.94,3.57,3.48,1.7,6.724865,
"Israel and Palestine, State of",1980,1560.0,2870.0,20400.0,9.26,1.86,4.14,,1.54,6.629639,0.379118
"Israel and Palestine, State of",1985,1690.0,3200.0,25700.0,12.59,1.62,4.95,,1.41,7.498997,0.404937
"Israel and Palestine, State of",1990,1760.0,3690.0,35300.0,17.56,1.84,8.03,5.39,2.47,9.053554,0.441746
"Israel and Palestine, State of",1995,2050.0,4460.0,48200.0,25.36,3.34,11.27,4.91,3.34,,0.43328
"Israel and Palestine, State of",2000,2220.0,5010.0,59400.0,33.24,3.98,13.37,4.26,4.53,11.07539,0.405352
"Israel and Palestine, State of",2005,2270.0,5790.0,62200.0,38.39,,13.47,2.87,3.35,10.63496,0.384342
"Israel and Palestine, State of",2010,2180.0,6930.0,,40.9,4.93,16.45,6.16,3.75,10.73033,0.352602
Italy,1970,28300.0,49600.0,318000.0,51.62,,46.22,,42.89,7.393892,0.550535
Italy,1975,,,358000.0,71.0,79.74,54.97,111.37,40.45,7.907478,0.42674
Italy,1980,27800.0,54800.0,402000.0,97.94,78.45,71.21,107.74,,,0.357403
Italy,1985,25900.0,54800.0,383000.0,,76.95,79.71,91.62,40.86,8.137042,0.312669
Italy,1990,28100.0,54500.0,,123.97,75.84,96.07,93.49,41.38,8.991395,0.294633
Italy,1995,27600.0,52100.0,,130.77,75.63,106.89,87.78,38.34,9.072051,0.27944
Italy,2000,28200.0,54400.0,460000.0,135.65,77.81,116.36,90.58,39.79,9.47819,0.264277
Italy,2005,25400.0,47400.0,499000.0,,89.23,122.96,85.54,41.81,9.715395,0.26579
Italy,2010,18100.0,45000.0,427000.0,135.93,83.86,,62.97,35.42,8.208429,0.231422
Jamaica,1970,386.0,1010.0,5920.0,1.45,0.3,1.61,2.17,0.39,,0.516579
Jamaica,1975,350.0,1100.0,7810.0,1.22,0.8,,4.23,,4.568252,0.513898
Jamaica,1980,367.0,,6760.0,1.24,0.48,0.87,3.95,0.22,3.829641,0.585189
Jamaica,1985,372.0,1380.0,,1.31,,0.82,1.98,0.2,2.833763,
Jamaica,1990,450.0,1600.0,7520.0,,,1.08,3.88,,3.950788,0.542084
Jamaica,1995,551.0,1800.0,8800.0,5.23,0.36,1.39,1.43,0.38,4.392904,0.520473
Jamaica,2000,,2040.0,,5.5,0.36,1.93,2.0,,4.838401,0.609049
Jamaica,2005,581.0,2020.0,10600.0,4.29,0.53,2.21,3.26,0.35,4.82238,0.572132
Jamaica,2010,441.0,1650.0,7920.0,2.85,0.44,1.86,1.79,0.52,3.555018,0.444734
Japan,1970,26000.0,117000.0,858000.0,,94.12,96.48,297.23,104.33,9.541905,0.790792
Japan,1975,,100000.0,960000.0,290.08,118.39,125.57,315.84,108.26,,
Japan,1980,27300.0,91200.0,1010000.0,303.49,124.85,,284.72,142.6,9.61466,0.475305
Japan,1985,30400.0,87900.0,993000.0,295.09,131.8,159.31,279.97,125.39,9.116084,0.391242
Japan,1990,31300.0,77900.0,1160000.0,396.62,128.53,199.78,317.36,107.11,10.19148,0.347677
Japan,1995,32700.0,,1240000.0,424.6,144.45,,301.16,110.85,10.60621,
Japan,2000,26500.0,58100.0,1260000.0,459.86,150.9,247.77,283.02,99.96,10.55776,0.329273
Japan,2005,24700.0,52200.0,1300000.0,507.21,151.58,232.33,286.82,98.92,10.69508,0.317729
Japan,2010,22500.0,49000.0,1220000.0,491.46,124.47,214.23,281.97,85.25,10.08292,0.292945
Jordan,1970,257.0,632.0,1560.0,0.22,0.36,0.52,0.25,0.21,1.424632,0.226307
Jordan,1975,313.0,778.0,2460.0,,0.43,1.02,0.33,0.31,1.719755,0.345377
Jordan,1980,386.0,873.0,4800.0,1.04,0.8,1.66,0.81,0.48,2.550226,0.36634
Jordan,1985,526.0,1140.0,8540.0,2.38,1.03,2.39,1.67,,3.526024,0.433993
Jordan,1990,582.0,1530.0,10200.0,3.0,,2.73,1.88,0.9,3.459575,0.550327
Jordan,1995,755.0,2150.0,,4.73,2.29,3.0,2.25,1.62,3.671282,0.532963
Jordan,2000,775.0,2360.0,15600.0,,2.74,3.59,2.63,1.18,3.67529,
Jordan,2005,850.0,2680.0,19900.0,6.42,3.23,4.85,3.42,1.83,4.107303,0.465971
Jordan,2010,950.0,3200.0,20700.0,8.56,2.22,5.22,2.8,,3.45914,0.365149
Kazakhstan,1970,,,161000.0,38.23,14.82,7.12,87.2,13.77,15.64818,1.948253
Kazakhstan,1975,17700.0,32800.0,211000.0,60.31,,10.24,107.84,14.29,18.51618,1.898677
Kazakhstan,1980,18800.0,69600.0,255000.0,70.78,22.04,,137.13,14.04,23.06505,
Kazakhstan,1985,19100.0,78200.0,214000.0,66.56,26.29,,93.84,13.31,19.74269,1.666663
Kazakhstan,1990,19200.0,81000.0,253000.0,109.68,26.62,14.42,86.52,13.14,21.377,1.588484
Kazakhstan,1995,,,180000.0,74.48,21.81,9.16,65.07,11.38,15.44392,1.817227
Kazakhstan,2000,11100.0,39700.0,126000.0,65.98,10.0,9.38,26.65,19.15,11.766,1.145344
Kazakhstan,2005,12600.0,48200.0,173000.0,79.55,9.78,9.55,58.01,25.48,15.02842,0.924831
Kazakhstan,2010,13800.0,57400.0,237000.0,76.36,26.83,13.15,104.73,21.87,18.76265,0.90156
Kenya,1970,3750.0,,,0.26,0.62,1.54,0.81,0.54,2.093801,1.037125
Kenya,1975,4050.0,5720.0,16100.0,0.29,0.74,,0.92,0.6,1.918346,0.895715
Kenya,1980,5210.0,6120.0,17900.0,0.47,0.9,1.92,1.1,0.82,1.798793,0.817099
Kenya,1985,5400.0,7570.0,21700.0,0.11,0.84,2.34,1.3,0.8,,0.813277
Kenya,1990,,8810.0,24900.0,0.17,0.99,2.69,1.67,0.95,1.717966,0.721267
Kenya,1995,6680.0,8870.0,26400.0,0.26,1.0,2.55,1.92,0.94,1.533982,0.695918
Kenya,2000,8600.0,8720.0,27200.0,1.93,1.42,2.69,,0.82,1.41416,0.663932
Kenya,2005,8930.0,9870.0,31300.0,1.5,1.04,2.86,2.09,1.3,,0.624925
Kenya,2010,13300.0,14000.0,43100.0,2.08,1.16,5.0,2.97,1.8,,0.687658
Kiribati,1970,,6.18,5.39,0.0,0.01,0.01,0.0,0.0,0.270832,0.089816
Kiribati,1975,2.64,9.25,6.23,0.0,,0.01,0.0,0.0,0.328459,0.057976
Kiribati,1980,2.98,11.5,13.0,0.01,0.01,0.01,,0.0,0.463489,0.253563
Kiribati,1985,3.39,13.7,26.8,0.01,0.0,0.01,0.0,0.0,0.68572,0.376804
Kiribati,1990,3.24,17.0,20.1,0.01,0.01,0.01,0.0,0.0,0.557425,0.390759
Kiribati,1995,3.54,18.6,22.6,0.0,0.0,0.01,0.0,0.0,0.574883,0.408381
Kiribati,2000,4.11,22.1,29.0,0.01,0.0,0.01,0.0,0.0,0.653951,0.369592
Kiribati,2005,4.77,24.0,28.6,,0.0,0.01,0.0,0.0,0.622,0.353898
Kiribati,2010,5.47,27.7,,0.02,0.0,0.03,0.0,0.0,0.668926,0.406251
North Korea,1970,2830.0,20100.0,83100.0,0.47,0.09,1.78,7.25,5.06,7.358427,0.0
North Korea,1975,3480.0,22300.0,96200.0,0.62,0.22,2.8,7.52,,7.493878,0.0
North Korea,1980,5850.0,25200.0,118000.0,14.35,17.39,5.55,70.83,9.85,8.551236,0.0
North Korea,1985,6690.0,28500.0,140000.0,16.96,21.79,4.59,86.1,10.29,9.284025,0.0
North Korea,1990,6900.0,26100.0,132000.0,15.97,17.02,4.69,79.17,14.52,8.111229,928.3999
North Korea,1995,2450.0,21600.0,88700.0,11.29,14.26,2.53,48.45,12.54,,807.8188
North Korea,2000,2930.0,22100.0,73700.0,,13.76,1.71,42.96,3.77,4.304316,796.8764
North Korea,2005,,24600.0,79600.0,,14.55,1.3,47.3,4.23,4.481762,891.4047
North Korea,2010,2650.0,23800.0,69200.0,7.63,9.88,1.32,,3.49,3.889544,857.412
South Korea,1970,,,,7.89,20.93,6.49,17.64,9.5,3.049449,1.449717
South Korea,1975,5690.0,34700.0,91300.0,17.58,29.9,7.21,23.03,13.51,3.720241,
South Korea,1980,6030.0,35600.0,141000.0,25.53,46.36,14.52,39.18,,4.800027,0.811732
South Korea,1985,7450.0,41000.0,189000.0,,59.98,19.23,,33.47,5.817545,0.739796
South Korea,1990,9380.0,38600.0,270000.0,57.27,71.73,43.74,59.07,38.26,7.398826,0.613682
South Korea,1995,14000.0,35800.0,402000.0,106.62,81.52,72.47,96.68,46.22,9.977026,0.596444
South Korea,2000,17600.0,37200.0,480000.0,165.05,74.3,77.78,114.74,49.95,11.28598,0.548099
South Korea,2005,12800.0,36300.0,515000.0,206.76,68.92,86.06,95.82,57.37,11.57294,0.458798
South Korea,2010,13000.0,36700.0,595000.0,286.09,62.96,86.61,115.21,45.58,,
Kuwait,1970,257.0,108000.0,,,3.37,1.94,,24.3,196.2784,
Kuwait,1975,,48100.0,25700.0,4.5,3.34,2.03,5.23,10.69,72.26081,0.620586
Kuwait,1980,395.0,24500.0,32400.0,8.76,5.02,5.35,7.3,5.99,41.72207,0.453858
Kuwait,1985,565.0,14800.0,41000.0,14.35,4.4,9.23,8.77,4.28,32.40861,0.573722
Kuwait,1990,374.0,16300.0,32600.0,16.54,0.16,2.84,,3.62,23.43513,0.511427
Kuwait,1995,431.0,26600.0,40300.0,13.82,0.31,5.34,12.87,8.05,,0.515985
Kuwait,2000,,21100.0,54800.0,25.46,0.33,6.02,14.48,8.55,37.28646,0.533377
Kuwait,2005,736.0,25500.0,75300.0,35.28,0.43,,20.87,10.47,44.58067,0.477154
Kuwait,2010,786.0,21100.0,87500.0,43.59,0.49,,20.39,9.26,36.48553,0.48515
Kyrgyzstan,1970,1680.0,5160.0,15300.0,1.09,3.26,1.71,8.56,,7.443435,3.06627
Kyrgyzstan,1975,2020.0,5860.0,19300.0,1.44,4.02,2.47,,0.81,8.248551,2.875876
Kyrgyzstan,1980,2160.0,6320.0,24100.0,1.74,,,13.59,0.84,9.011869,2.825068
Kyrgyzstan,1985,2350.0,,19600.0,2.09,5.11,,8.11,,7.143259,2.22593
Kyrgyzstan,1990,2310.0,6790.0,,3.92,4.37,6.02,,0.93,,2.149697
Kyrgyzstan,1995,1240.0,4600.0,4770.0,2.2,0.58,,0.56,0.31,2.324963,1.371493
Kyrgyzstan,2000,1240.0,4380.0,4860.0,2.01,0.75,0.85,0.84,0.41,,
Kyrgyzstan,2005,1180.0,4540.0,4280.0,2.08,,1.09,,0.58,1.969058,0.817246
Kyrgyzstan,2010,1540.0,5350.0,5100.0,,1.73,,0.65,,2.212329,0.788786
Laos,1970,713.0,1410.0,,0.02,0.14,0.09,0.03,0.01,2.875987,2.713488
Laos,1975,630.0,1470.0,5340.0,0.08,0.14,0.12,0.01,0.01,2.439924,2.032199
Laos,1980,851.0,1310.0,6030.0,,,0.13,0.01,0.01,2.515195,2.111621
Laos,1985,975.0,1330.0,5920.0,0.05,0.03,0.05,,0.01,2.231831,1.455841
Laos,1990,1160.0,,6300.0,0.06,0.06,0.06,,0.02,2.073259,
Laos,1995,1400.0,1350.0,6530.0,0.06,0.06,0.09,0.08,0.02,1.91349,0.998342
Laos,2000,1420.0,1330.0,7150.0,0.14,0.02,0.1,0.32,0.07,1.857388,0.789596
Laos,2005,1670.0,1510.0,7830.0,0.29,0.02,0.11,0.48,0.14,1.912812,0.648827
Laos,2010,1920.0,,9150.0,0.18,0.03,0.18,0.76,0.56,2.227843,0.557959
Latvia,1970,2150.0,3780.0,14000.0,5.13,2.47,1.79,3.2,1.08,8.372411,1.461609
Latvia,1975,2570.0,4360.0,17900.0,6.9,3.04,2.31,4.01,,10.03936,1.391196
Latvia,1980,2720.0,4560.0,19800.0,6.95,3.46,2.49,5.12,1.31,,1.243419
Latvia,1985,3010.0,4900.0,20700.0,7.53,3.51,2.6,5.03,1.63,11.0826,1.182003
Latvia,1990,2750.0,5030.0,20600.0,,3.31,3.06,2.59,1.37,10.66893,0.984933
Latvia,1995,1250.0,2640.0,9850.0,4.05,1.44,2.01,1.41,0.57,5.480863,0.67878
Latvia,2000,,2100.0,7580.0,2.61,0.97,2.12,1.13,0.72,4.523451,0.414277
Latvia,2005,,2200.0,8250.0,2.21,1.25,3.0,1.12,0.66,,0.302191
Latvia,2010,1210.0,2270.0,8910.0,2.37,1.39,3.18,1.14,0.82,5.850136,0.328469
Lebanon,1970,430.0,841.0,5380.0,0.52,1.03,1.25,1.78,,2.895482,0.197692
Lebanon,1975,354.0,953.0,6710.0,1.03,1.48,1.48,1.71,1.0,3.113167,0.16785
Lebanon,1980,467.0,1070.0,7520.0,2.92,1.62,1.85,0.27,0.87,3.477159,0.27805
Lebanon,1985,464.0,1140.0,7130.0,2.87,1.19,2.29,0.26,0.51,3.262341,0.234513
Lebanon,1990,,1240.0,5980.0,2.78,0.53,1.86,0.34,0.46,2.842394,0.367787
Lebanon,1995,683.0,1430.0,14500.0,,3.64,4.18,1.35,1.68,5.468758,0.446935
Lebanon,2000,749.0,1570.0,15200.0,7.21,,4.0,1.14,1.24,5.424109,0.438979
Lebanon,2005,811.0,1900.0,16500.0,7.36,1.31,4.05,1.75,2.04,4.822399,0.393092
Lebanon,2010,815.0,2000.0,20600.0,11.25,,5.06,0.73,2.36,5.391258,
Lesotho,1970,106.0,512.0,1270.0,0.0,0.03,0.01,0.03,0.0,,2.943904
Lesotho,1975,129.0,494.0,1240.0,0.0,0.03,0.01,0.03,0.0,1.616237,1.77958
Lesotho,1980,156.0,506.0,1270.0,0.01,0.03,0.03,0.03,0.0,1.477502,1.345915
Lesotho,1985,158.0,523.0,1340.0,0.02,0.03,0.03,0.02,0.0,,1.214405
Lesotho,1990,142.0,499.0,1250.0,0.01,0.02,0.04,0.02,0.01,1.1763,
Lesotho,1995,197.0,512.0,1290.0,0.01,0.02,0.04,0.03,,1.134639,0.777587
Lesotho,2000,230.0,583.0,1480.0,,0.03,0.08,0.02,,1.228339,0.758328
Lesotho,2005,241.0,572.0,1550.0,0.04,0.03,0.08,0.02,0.01,1.213349,0.678081
Lesotho,2010,281.0,542.0,1540.0,0.12,0.07,0.27,0.06,0.01,1.157109,0.526427
Liberia,1970,134.0,315.0,627.0,0.01,0.43,0.16,0.42,0.06,0.759664,0.0
Liberia,1975,148.0,420.0,700.0,0.01,0.48,0.19,0.47,,0.779953,0.0
Liberia,1980,209.0,910.0,894.0,0.19,0.39,0.4,0.47,0.06,1.066434,0.0
Liberia,1985,218.0,815.0,935.0,0.21,0.31,,0.2,0.06,0.897371,0.0
Liberia,1990,189.0,,932.0,0.05,0.08,0.16,0.08,0.04,0.723741,0.827034
Liberia,1995,159.0,305.0,743.0,0.03,0.06,0.1,0.07,0.02,0.582306,2.352573
Liberia,2000,,440.0,1150.0,0.06,0.06,0.15,0.04,0.02,0.630354,0.752301
Liberia,2005,,,1440.0,,0.08,0.2,0.04,,0.697348,1.167784
Liberia,2010,320.0,685.0,1780.0,,0.07,0.27,0.06,0.05,0.706373,1.00821
Libya,1970,526.0,37900.0,147000.0,0.55,0.37,0.66,2.15,34.15,86.7992,1.155347
Libya,1975,725.0,16100.0,34600.0,2.56,0.56,2.64,2.9,,19.44794,0.456345
Libya,1980,970.0,29200.0,50100.0,5.51,0.76,4.69,6.63,11.96,24.92107,0.451629
Libya,1985,979.0,27700.0,14600.0,6.82,0.62,5.88,7.92,6.97,11.15445,0.34125
Libya,1990,,,42400.0,8.0,1.31,6.19,10.34,11.3,18.16877,0.70273
Libya,1995,1200.0,49500.0,,13.04,,9.51,8.45,16.79,,0.948491
Libya,2000,1200.0,,26800.0,15.77,2.41,11.13,7.46,13.15,14.54689,0.663507
Libya,2005,1280.0,56600.0,30700.0,20.64,2.46,12.75,7.15,13.71,15.29831,0.587137
Libya,2010,1580.0,66700.0,30100.0,22.48,,18.14,5.33,13.51,15.93921,0.538204
Lithuania,1970,,,20200.0,3.86,,2.12,7.59,,9.664514,1.092222
Lithuania,1975,5660.0,6460.0,27100.0,6.01,6.13,2.91,9.98,2.08,11.87784,1.078675
Lithuania,1980,5850.0,6810.0,,7.6,7.06,3.5,12.03,2.33,13.14011,1.015621
Lithuania,1985,5860.0,7270.0,33700.0,8.65,7.09,3.62,11.25,3.11,13.13404,0.949722
Lithuania,1990,4930.0,7750.0,35400.0,12.08,6.92,5.51,7.7,3.1,12.99636,0.819088
Lithuania,1995,2670.0,4830.0,15300.0,5.63,2.35,2.94,2.51,1.81,6.281148,0.680724
Lithuania,2000,3520.0,4450.0,11900.0,3.93,1.03,3.04,2.21,,5.663677,0.472252
Lithuania,2005,4250.0,4510.0,14000.0,3.85,1.19,4.06,3.33,1.64,,0.374881
Lithuania,2010,4270.0,4390.0,13900.0,3.76,1.36,4.28,,1.5,7.206822,0.350485
Luxembourg,1970,219.0,504.0,18500.0,3.87,1.33,0.49,11.96,,56.54123,1.808531
Luxembourg,1975,220.0,538.0,13500.0,2.14,1.36,0.85,8.39,0.76,40.26567,1.08513
Luxembourg,1980,233.0,565.0,13200.0,1.92,1.51,1.27,7.75,0.78,38.52654,1.047064
Luxembourg,1985,,582.0,11100.0,1.25,1.39,1.55,6.14,,32.32494,0.794441
Luxembourg,1990,246.0,593.0,,1.73,1.31,2.63,5.08,1.01,32.97379,
Luxembourg,1995,245.0,586.0,8970.0,0.91,1.4,3.35,2.57,0.8,24.01893,
Luxembourg,2000,260.0,,8800.0,0.23,1.68,4.85,1.3,0.78,22.1171,0.273823
Luxembourg,2005,275.0,,12200.0,1.35,1.66,7.2,1.27,0.67,,0.318951
Luxembourg,2010,275.0,554.0,11200.0,1.29,1.7,6.54,1.12,0.59,23.76955,0.261348
Macao,1970,1.72,64.5,,0.03,0.16,0.11,0.04,0.01,0.6033,0.0
Macao,1975,2.77,71.1,190.0,0.1,0.16,0.14,0.02,0.01,1.090916,0.0
Macao,1980,4.19,72.7,329.0,0.15,0.16,0.15,0.03,0.01,1.705311,0.0
Macao,1985,,83.5,491.0,0.2,0.13,,0.03,0.01,2.04719,0.0699
Macao,1990,8.14,119.0,665.0,0.32,0.3,0.3,0.05,0.01,2.303977,0.064026
Macao,1995,10.3,136.0,732.0,0.22,0.21,0.33,0.08,0.01,,0.053308
Macao,2000,,168.0,1330.0,0.43,,0.45,0.21,0.01,3.532618,0.093883
Macao,2005,17.2,,2080.0,0.76,,0.52,0.25,0.01,4.723547,0.07357
Macao,2010,18.6,377.0,2130.0,0.4,0.11,,0.07,0.01,4.711244,0.047904
Macedonia,1970,585.0,2070.0,9110.0,1.58,0.43,0.55,1.06,5.48,6.835865,0.652912
Macedonia,1975,612.0,,8300.0,2.07,0.4,0.63,1.31,3.88,,0.470258
Macedonia,1980,651.0,1730.0,9560.0,3.3,0.38,0.69,1.37,3.81,6.204337,0.38741
Macedonia,1985,716.0,1810.0,9830.0,5.8,0.36,0.69,0.89,2.09,6.235295,0.393713
Macedonia,1990,666.0,,11200.0,5.62,0.57,0.77,1.63,2.6,6.877436,0.714736
Macedonia,1995,656.0,1700.0,8690.0,6.07,0.49,,0.87,0.38,5.57072,0.729339
Macedonia,2000,544.0,1680.0,9040.0,,0.37,0.98,1.06,0.51,,0.642529
Macedonia,2005,,1730.0,9670.0,5.87,0.63,1.02,1.41,0.78,5.770988,0.614925
Macedonia,2010,,2080.0,9160.0,5.23,0.42,1.34,1.32,0.83,5.651487,0.498051
Madagascar,1970,443.0,4950.0,14300.0,0.0,0.26,0.1,0.26,0.06,2.988709,1.178309
Madagascar,1975,557.0,4980.0,14700.0,0.01,0.29,0.12,0.29,0.06,2.682536,1.143223
Madagascar,1980,910.0,5710.0,16700.0,0.13,0.23,0.24,,0.06,2.670683,
Madagascar,1985,956.0,5790.0,,0.17,0.24,0.26,0.16,0.05,2.336019,1.379071
Madagascar,1990,953.0,5820.0,16900.0,0.11,0.14,0.26,0.14,0.06,2.040067,1.234616
Madagascar,1995,1470.0,6030.0,17200.0,0.13,0.21,0.36,0.24,,1.834832,1.309441
Madagascar,2000,1750.0,,17700.0,0.27,0.27,0.63,0.17,,1.611858,1.115614
Madagascar,2005,2100.0,5730.0,,0.53,0.39,0.98,0.2,0.13,1.432385,1.02948
Madagascar,2010,2660.0,6110.0,,,0.26,0.89,0.23,0.13,1.417274,1.022535
Malawi,1970,479.0,,1860.0,0.0,0.09,0.03,0.1,0.05,0.655625,0.745785
Malawi,1975,591.0,832.0,2300.0,0.0,,0.04,0.12,0.07,0.702603,0.680516
Malawi,1980,679.0,972.0,2510.0,0.12,0.09,0.09,0.17,0.07,0.676011,0.700006
Malawi,1985,551.0,1160.0,3050.0,0.09,0.09,0.09,0.07,0.05,0.661002,0.751646
Malawi,1990,,1200.0,3180.0,0.08,0.08,0.14,0.08,,0.536683,0.720306
Malawi,1995,,1190.0,3140.0,,0.12,0.2,0.14,0.09,0.537805,
Malawi,2000,1070.0,1420.0,3640.0,0.18,0.13,,,0.11,0.538782,0.622254
Malawi,2005,1260.0,2210.0,4280.0,0.55,0.18,0.39,0.13,,0.594168,0.707388
Malawi,2010,1560.0,2700.0,5440.0,0.61,0.15,0.41,0.13,0.17,0.639272,0.619134
Malaysia,1970,5620.0,12000.0,14300.0,1.95,0.41,4.08,6.33,,2.952307,0.766889
Malaysia,1975,5880.0,20100.0,19900.0,3.88,1.04,5.17,6.09,4.94,3.773916,0.585193
Malaysia,1980,,22700.0,28600.0,7.64,1.34,6.39,,6.4,4.190112,0.536902
Malaysia,1985,7120.0,21700.0,37600.0,9.38,1.46,9.17,12.89,6.06,,0.442132
Malaysia,1990,7700.0,27400.0,56800.0,16.09,2.05,14.56,16.91,9.62,,0.482839
Malaysia,1995,,36100.0,89100.0,26.39,4.14,20.48,28.57,11.56,6.523512,0.446742
Malaysia,2000,9530.0,37600.0,128000.0,37.43,4.3,32.21,41.1,17.37,7.541417,0.463115
Malaysia,2005,10900.0,44500.0,178000.0,54.75,4.62,40.7,,26.68,9.106183,0.489644
Malaysia,2010,12200.0,43400.0,208000.0,,8.82,44.1,40.97,27.52,9.371247,0.444239
Maldives,1970,2.35,12.5,10.3,0.0,0.0,0.0,0.0,0.0,0.217197,0.09885
Maldives,1975,2.88,15.0,12.0,0.0,0.0,0.0,0.0,0.0,0.219378,0.113356
Maldives,1980,3.41,18.1,20.3,0.0,0.0,0.0,0.0,0.0,0.263964,0.093453
Maldives,1985,5.38,23.5,49.5,0.02,0.01,0.02,0.0,0.0,0.413103,0.123127
Maldives,1990,5.4,28.1,57.5,0.02,0.02,0.02,0.0,0.0,0.407924,0.077166
Maldives,1995,9.3,36.3,162.0,0.06,0.06,0.09,,0.0,0.817344,0.149994
Maldives,2000,10.7,34.8,281.0,0.14,,,0.07,0.0,1.164162,0.164952
Maldives,2005,15.8,,539.0,0.23,0.02,0.15,0.07,0.0,1.868562,0.232274
Maldives,2010,22.2,48.0,818.0,0.3,0.09,0.44,,0.0,2.437241,0.230176
Mali,1970,285.0,3030.0,,0.0,0.09,0.03,0.09,0.05,1.954428,2.527094
Mali,1975,348.0,2390.0,7330.0,0.0,0.1,0.04,0.1,0.06,,2.183703
Mali,1980,501.0,3440.0,9010.0,0.04,0.08,0.09,0.1,0.05,1.826893,1.969313
Mali,1985,527.0,2720.0,7660.0,0.06,0.09,0.1,0.06,0.05,1.392882,1.805553
Mali,1990,560.0,3280.0,8850.0,0.05,0.07,,0.07,0.05,1.499023,1.674771
Mali,1995,,3550.0,9770.0,0.05,0.08,0.14,0.09,0.06,1.483139,1.608034
Mali,2000,967.0,,,0.06,0.1,0.21,,0.06,1.529207,1.488339
Mali,2005,1130.0,5220.0,14400.0,0.07,,0.23,0.06,0.07,1.621113,1.269139
Mali,2010,1450.0,6860.0,19200.0,0.07,0.11,0.25,0.07,0.08,1.822386,1.017411
Malta,1970,34.2,68.8,713.0,0.35,0.1,0.2,0.0,0.06,2.5483,1.47083
Malta,1975,32.8,72.2,708.0,0.37,0.09,0.19,0.0,0.06,,0.888085
Malta,1980,,,,0.64,0.08,0.27,0.0,0.06,3.504511,
Malta,1985,51.8,84.8,1200.0,0.96,0.05,0.14,0.0,0.04,3.824961,0.566686
Malta,1990,,97.9,2350.0,1.77,0.09,0.45,0.0,0.04,6.910512,0.428161
Malta,1995,72.2,107.0,,,,0.69,0.0,0.04,6.827128,0.338637
Malta,2000,59.7,123.0,2160.0,1.59,0.09,0.46,0.0,0.03,5.911014,0.237722
Malta,2005,63.0,144.0,2770.0,2.34,0.06,0.32,0.0,0.04,7.317445,0.288973
Malta,2010,62.9,189.0,2510.0,1.86,0.13,0.56,0.03,0.05,6.648219,0.238764
Mauritania,1970,144.0,1370.0,3750.0,0.0,0.14,,0.14,0.03,4.577693,0.02386
Mauritania,1975,201.0,,2920.0,0.0,0.15,0.06,0.15,0.04,3.104471,0.014941
Mauritania,1980,336.0,1180.0,3430.0,0.07,0.12,0.13,0.16,0.04,3.221741,0.01463
Mauritania,1985,441.0,1190.0,3480.0,0.12,0.16,0.18,0.11,0.04,2.889782,0.016048
Mauritania,1990,488.0,1420.0,4130.0,0.1,0.14,0.26,0.14,0.05,2.974465,
Mauritania,1995,1080.0,1410.0,4220.0,0.32,0.57,0.96,0.65,0.18,2.881564,1.007549
Mauritania,2000,1310.0,1890.0,5550.0,0.46,0.52,1.23,0.3,0.06,,1.173887
Mauritania,2005,1640.0,2100.0,6460.0,0.6,0.53,1.37,0.25,0.15,3.258206,
Mauritania,2010,2190.0,2080.0,6490.0,0.41,0.24,0.92,0.21,0.27,2.982397,0.898706
Mauritius,1970,109.0,259.0,,0.05,0.05,0.13,0.03,0.04,0.622999,0.188315
Mauritius,1975,111.0,263.0,175.0,0.11,0.06,0.21,0.05,0.04,0.615029,0.141888
Mauritius,1980,125.0,281.0,414.0,0.17,0.07,0.24,0.09,0.01,0.849498,0.155879
Mauritius,1985,141.0,297.0,485.0,0.2,,0.24,0.1,0.03,0.907563,0.16605
Mauritius,1990,167.0,329.0,961.0,0.44,0.12,0.44,0.17,0.03,1.379584,0.181845
Mauritius,1995,158.0,336.0,814.0,0.64,0.13,0.54,0.24,,1.158093,
Mauritius,2000,,,1480.0,,0.16,0.75,0.36,,1.718212,0.151535
Mauritius,2005,159.0,398.0,2270.0,,0.19,0.86,,0.02,2.31623,0.180576
Mauritius,2010,174.0,466.0,2880.0,2.21,0.18,0.92,0.35,0.02,2.818199,
Mexico,1970,20600.0,108000.0,121000.0,12.99,12.16,30.22,38.41,27.03,4.804149,0.566253
Mexico,1975,25100.0,120000.0,167000.0,23.69,16.97,42.67,,,5.14325,0.509483
Mexico,1980,29300.0,136000.0,242000.0,38.16,23.5,67.57,75.36,36.79,5.866319,0.475162
Mexico,1985,34300.0,132000.0,,48.04,26.31,70.94,95.85,33.65,5.708499,0.437401
Mexico,1990,36500.0,113000.0,293000.0,63.96,25.92,83.49,83.57,,5.185543,0.411941
Mexico,1995,59600.0,117000.0,320000.0,83.26,30.7,89.39,87.97,34.95,5.287489,0.41677
Mexico,2000,78200.0,121000.0,382000.0,121.63,32.81,105.61,,37.32,5.706253,0.380532
Mexico,2005,91900.0,123000.0,418000.0,134.84,31.85,130.23,115.43,35.82,5.832298,0.382023
Mexico,2010,110000.0,134000.0,453000.0,138.38,32.33,150.58,119.14,38.14,5.943862,0.382433
Moldova,1970,,2980.0,16500.0,0.0,0.0,0.0,,0.76,5.714902,1.82627
Moldova,1975,1410.0,3450.0,22500.0,0.0,0.0,0.0,0.0,0.91,7.133788,1.855815
Moldova,1980,1540.0,3620.0,27000.0,0.0,0.0,0.0,0.0,0.95,,1.787688
Moldova,1985,1770.0,3830.0,27800.0,0.0,0.0,0.0,0.0,1.06,7.917346,1.67053
Moldova,1990,,4180.0,32000.0,13.65,12.4,2.42,2.06,1.43,8.658809,1.589417
Moldova,1995,1340.0,3080.0,12200.0,6.2,3.41,1.3,0.99,0.29,3.825636,1.741787
Moldova,2000,670.0,,6790.0,4.07,1.26,,0.5,0.26,2.279555,1.12917
Moldova,2005,732.0,2020.0,,3.78,1.74,,1.0,0.43,2.695938,0.939805
Moldova,2010,643.0,1830.0,8400.0,3.73,1.45,1.73,,0.51,2.660014,0.77769
Mongolia,1970,2650.0,1160.0,6950.0,,0.58,0.39,3.93,0.09,8.413519,
Mongolia,1975,2870.0,,7990.0,0.35,0.57,0.49,,0.12,7.887819,2.531043
Mongolia,1980,2970.0,8450.0,8480.0,0.52,0.58,0.52,7.34,0.14,,
Mongolia,1985,3040.0,11900.0,7850.0,5.68,1.9,1.25,2.92,0.17,11.88132,2.671736
Mongolia,1990,3350.0,13200.0,8620.0,6.62,1.87,1.54,,0.31,11.52383,
Mongolia,1995,3600.0,10300.0,9310.0,6.59,0.86,0.83,1.95,0.1,10.12136,2.379902
Mongolia,2000,4550.0,9060.0,,6.58,0.79,0.97,0.62,0.09,10.21362,2.196213
Mongolia,2005,3520.0,,8720.0,,1.55,1.03,0.75,0.1,8.702836,1.439347
Mongolia,2010,3770.0,13100.0,15900.0,8.87,2.16,1.45,1.65,0.24,12.05862,1.567138
Morocco,1970,4020.0,10100.0,7480.0,0.83,1.11,1.74,2.27,0.88,1.347857,0.504006
Morocco,1975,4040.0,9990.0,11100.0,2.67,,2.16,3.25,1.17,,0.50709
Morocco,1980,4460.0,10700.0,16400.0,3.71,2.27,2.59,,1.96,1.577469,0.468019
Morocco,1985,4090.0,9780.0,19400.0,5.78,2.65,2.61,5.24,1.94,1.477355,0.429827
Morocco,1990,4980.0,11300.0,24700.0,7.65,,3.89,5.66,2.73,1.650383,0.417408
Morocco,1995,4380.0,,30500.0,,3.75,5.99,4.93,3.12,,0.426891
Morocco,2000,5360.0,12200.0,35600.0,10.88,4.61,8.17,5.89,3.88,1.842226,
Morocco,2005,5640.0,12800.0,46400.0,16.27,5.65,10.2,7.1,5.15,2.123671,0.390627
Morocco,2010,6030.0,13700.0,51300.0,16.44,7.39,13.62,8.95,5.58,2.192514,0.335177
Mozambique,1970,1690.0,3180.0,5250.0,0.48,0.56,0.31,1.58,0.25,1.104316,2.871722
Mozambique,1975,1980.0,2560.0,,,0.58,0.17,,0.18,0.97707,2.384312
Mozambique,1980,2080.0,2530.0,5680.0,0.47,0.88,0.29,,0.19,0.868466,2.149266
Mozambique,1985,,1600.0,5790.0,0.46,,0.12,0.15,0.09,0.678505,2.291332
Mozambique,1990,1360.0,1180.0,5650.0,0.11,0.23,0.61,0.13,0.1,0.618737,1.633202
Mozambique,1995,1720.0,1280.0,6460.0,0.03,0.2,0.73,0.19,0.13,0.600473,1.607472
Mozambique,2000,1910.0,1600.0,7330.0,0.05,0.34,0.85,0.08,0.28,0.600196,1.068291
Mozambique,2005,2300.0,2710.0,9080.0,0.02,0.2,1.04,0.26,1.19,0.673341,0.907055
Mozambique,2010,2380.0,3830.0,10600.0,0.01,0.19,1.69,,,0.693317,
Myanmar,1970,4790.0,5400.0,55600.0,0.26,0.92,1.55,,,2.492835,2.956126
Myanmar,1975,4300.0,6030.0,57100.0,0.35,,1.38,1.59,0.57,2.268635,2.748862
Myanmar,1980,5610.0,7080.0,56100.0,0.69,0.29,1.91,2.18,0.91,2.061363,2.199689
Myanmar,1985,6580.0,8590.0,56800.0,1.44,0.04,,2.36,0.53,1.934109,
Myanmar,1990,5020.0,7720.0,56600.0,1.27,0.01,1.34,1.29,0.49,1.705631,1.972437
Myanmar,1995,7760.0,9060.0,62000.0,2.07,,2.72,1.37,0.59,1.823491,1.548142
Myanmar,2000,10300.0,10600.0,64500.0,2.35,0.64,3.51,2.78,0.63,1.851673,1.481821
Myanmar,2005,11100.0,12600.0,79300.0,2.4,0.75,4.7,2.72,0.57,2.124168,1.206922
Myanmar,2010,8570.0,14300.0,88200.0,2.0,0.56,2.3,3.04,0.58,2.214914,0.634851
Namibia,1970,545.0,1710.0,3780.0,0.01,0.49,0.18,0.48,0.04,7.739213,0.250041
Namibia,1975,632.0,1390.0,3140.0,0.01,0.55,0.22,0.54,0.03,5.702115,0.164175
Namibia,1980,,1790.0,3980.0,0.22,0.44,0.46,0.53,0.02,6.393998,0.18677
Namibia,1985,732.0,1330.0,2980.0,0.3,0.43,,0.28,0.02,4.391521,0.143367
Namibia,1990,759.0,1550.0,3460.0,0.21,0.34,,0.34,0.02,4.075694,0.713012
Namibia,1995,1770.0,1490.0,3340.0,0.04,1.11,0.62,0.02,0.01,3.990963,0.676323
Namibia,2000,1830.0,1890.0,4130.0,0.01,0.61,1.12,,0.01,4.130998,0.676895
Namibia,2005,2350.0,2300.0,,0.04,0.69,1.54,0.22,0.01,4.750054,0.654765
Namibia,2010,3020.0,1930.0,,0.03,1.02,1.77,0.26,0.02,4.195806,0.496006
Nepal,1970,272.0,1940.0,20500.0,0.03,0.07,0.06,0.03,0.08,1.893009,1.973003
Nepal,1975,417.0,2240.0,21900.0,0.03,0.11,0.07,,,1.845623,
Nepal,1980,619.0,2640.0,23200.0,0.01,0.14,0.16,,0.09,1.775514,1.746133
Nepal,1985,684.0,2920.0,23900.0,0.02,0.22,0.21,0.1,0.12,1.642137,1.553052
Nepal,1990,1100.0,3300.0,24300.0,0.0,0.35,0.34,0.2,0.17,1.528009,
Nepal,1995,2060.0,3700.0,25000.0,,0.76,0.62,0.35,0.25,1.436718,1.063571
Nepal,2000,3410.0,3920.0,25600.0,0.02,1.14,,1.12,0.28,1.389255,
Nepal,2005,3370.0,3990.0,,0.01,,0.84,1.02,0.22,1.341492,0.795611
Nepal,2010,4850.0,4440.0,28700.0,,0.95,1.94,1.23,0.67,1.404205,
Netherlands,1970,15200.0,29200.0,,29.43,40.0,16.39,41.1,8.18,13.9712,
Netherlands,1975,17600.0,35100.0,143000.0,,46.19,19.22,35.98,,14.29858,0.547788
Netherlands,1980,17800.0,37200.0,159000.0,39.19,46.41,22.12,37.67,,15.15449,0.537485
Netherlands,1985,,37600.0,153000.0,,43.95,22.46,,,14.18854,
Netherlands,1990,13400.0,36600.0,161000.0,42.53,,27.05,39.42,,14.12679,
Netherlands,1995,,34800.0,174000.0,54.86,42.4,29.57,36.67,13.92,14.40143,0.410791
Netherlands,2000,12900.0,29600.0,173000.0,56.82,,32.1,34.48,15.02,13.53684,
Netherlands,2005,13900.0,24700.0,181000.0,60.48,37.11,,35.03,14.38,13.38852,0.307137
Netherlands,2010,8690.0,24200.0,184000.0,,41.8,34.05,32.69,15.52,13.01194,0.284748
New Caledonia,1970,78.2,220.0,,0.08,0.51,0.34,0.28,0.01,4.920077,0.357861
New Caledonia,1975,81.1,229.0,694.0,0.31,0.51,,0.24,0.04,7.705054,0.588041
New Caledonia,1980,88.6,219.0,1330.0,0.46,0.51,0.46,0.4,0.03,11.2883,0.973675
New Caledonia,1985,94.3,256.0,848.0,0.32,0.2,0.36,0.8,0.02,7.684578,0.717627
New Caledonia,1990,97.3,246.0,921.0,0.34,0.32,0.32,0.61,0.04,7.444453,0.467461
New Caledonia,1995,90.5,242.0,949.0,0.22,0.21,0.33,0.42,0.05,6.718698,
New Caledonia,2000,97.0,243.0,,0.47,0.09,0.38,0.87,0.06,,0.559054
New Caledonia,2005,106.0,239.0,1900.0,0.9,0.08,,0.93,0.07,9.652781,0.584976
New Caledonia,2010,98.3,239.0,1650.0,0.85,0.18,0.95,2.8,0.17,7.918608,0.431308
New Zealand,1970,9060.0,15400.0,31000.0,0.5,2.76,4.88,,1.16,19.67162,0.965386
New Zealand,1975,9260.0,18600.0,31500.0,0.82,2.95,6.59,,1.51,19.27026,0.863302
New Zealand,1980,9980.0,18100.0,34000.0,1.42,2.81,6.75,5.49,1.94,19.7171,0.946112
New Zealand,1985,9930.0,20800.0,34700.0,4.23,2.28,7.25,5.14,,20.03438,0.873261
New Zealand,1990,10000.0,24000.0,33000.0,3.54,2.64,8.66,6.91,2.26,,
New Zealand,1995,10800.0,27300.0,34000.0,3.23,2.82,10.78,7.1,3.2,19.62182,0.763508
New Zealand,2000,11100.0,33600.0,33900.0,6.61,2.97,12.09,7.31,4.33,20.36883,0.721941
New Zealand,2005,12200.0,37100.0,35300.0,10.4,3.37,13.53,6.41,3.03,20.46081,0.637777
New Zealand,2010,12400.0,34200.0,34800.0,6.96,2.83,13.61,6.96,3.77,18.62782,0.582486
Nicaragua,1970,2450.0,1620.0,4610.0,0.37,0.19,0.69,0.24,0.12,3.619611,
Nicaragua,1975,2510.0,2020.0,5040.0,0.41,,0.9,0.33,0.16,3.419744,0.427926
Nicaragua,1980,2440.0,1980.0,4420.0,0.43,0.2,0.88,0.3,0.15,2.717284,0.645484
Nicaragua,1985,2600.0,2020.0,4610.0,0.4,0.26,0.82,,0.18,2.487648,0.598684
Nicaragua,1990,2670.0,1970.0,5350.0,0.51,0.21,0.74,0.38,0.11,2.41076,0.798167
Nicaragua,1995,2530.0,2720.0,5060.0,0.89,,1.11,0.34,,2.237202,0.754126
Nicaragua,2000,2860.0,3770.0,6180.0,1.4,0.23,1.45,0.46,0.22,2.550084,0.73335
Nicaragua,2005,,,6630.0,1.48,0.35,1.45,0.74,0.28,2.593866,0.683756
Nicaragua,2010,3370.0,4830.0,,1.7,0.39,1.6,0.58,0.35,2.650251,0.658297
Niger,1970,310.0,2840.0,7880.0,,0.12,0.05,0.12,0.03,2.445475,2.108345
Niger,1975,,2460.0,6930.0,0.0,0.14,0.05,0.14,,1.881015,1.855193
Niger,1980,622.0,3260.0,9060.0,,0.11,0.12,0.16,,,1.911418
Niger,1985,741.0,2280.0,6970.0,0.2,0.12,0.1,0.14,0.04,1.444788,1.72494
Niger,1990,758.0,2700.0,,0.37,0.14,,0.14,0.03,1.427748,1.597653
Niger,1995,993.0,3500.0,9800.0,0.29,0.15,,0.15,0.04,1.508422,1.922762
Niger,2000,1160.0,4420.0,,0.23,0.03,0.35,0.04,0.05,1.55561,2.067619
Niger,2005,1410.0,5560.0,15200.0,0.25,0.03,0.4,0.06,0.06,1.625446,2.133707
Niger,2010,1790.0,6960.0,18600.0,0.33,0.02,0.8,0.21,0.08,1.663295,2.045617
Nigeria,1970,9660.0,29100.0,128000.0,0.59,0.9,2.98,1.23,18.38,2.976854,0.22076
Nigeria,1975,11500.0,64300.0,,1.39,1.49,5.4,,41.85,5.226148,0.271758
Nigeria,1980,13900.0,89900.0,308000.0,3.22,3.62,13.49,5.02,50.55,5.603976,0.294467
Nigeria,1985,15500.0,73500.0,216000.0,5.7,4.99,13.64,,32.98,3.649862,0.254502
Nigeria,1990,16900.0,74900.0,239000.0,5.7,4.23,11.76,6.37,40.52,3.472854,1.141616
Nigeria,1995,19000.0,,258000.0,5.38,3.85,14.91,8.63,55.43,3.354794,1.220377
Nigeria,2000,21600.0,98000.0,191000.0,6.71,5.21,21.88,9.96,56.18,2.542768,
Nigeria,2005,24300.0,98800.0,184000.0,7.96,5.74,28.65,14.06,43.79,,0.532699
Nigeria,2010,27700.0,85900.0,,9.97,6.84,27.55,11.42,34.51,1.806607,0.350923
Norway,1970,7230.0,6530.0,37200.0,0.32,7.46,6.74,9.31,12.97,13.14536,0.567675
Norway,1975,8480.0,6840.0,37100.0,0.1,4.67,7.99,10.83,12.84,13.08376,0.512664
Norway,1980,8250.0,9670.0,,0.14,5.41,8.49,,12.01,14.17648,0.416859
Norway,1985,6480.0,10700.0,35900.0,0.44,3.88,9.25,12.84,9.01,12.77727,0.325514
Norway,1990,4590.0,13100.0,37300.0,0.39,3.87,10.03,13.17,,12.95665,0.299447
Norway,1995,,17200.0,41700.0,0.52,3.6,11.52,15.77,10.31,14.48457,0.286889
Norway,2000,4170.0,19800.0,42900.0,0.49,3.31,12.06,16.02,10.96,14.86427,0.253666
Norway,2005,4280.0,,44300.0,0.7,,13.07,17.16,9.69,15.11325,0.238436
Norway,2010,3440.0,21000.0,47000.0,2.77,3.6,14.2,16.95,9.21,14.61584,0.23213
Oman,1970,134.0,7330.0,,0.01,0.13,0.09,0.02,2.16,,3.586717
Oman,1975,273.0,25800.0,104000.0,,0.28,0.25,0.05,7.52,147.6308,10.20038
Oman,1980,293.0,12900.0,44800.0,0.92,0.65,0.64,0.04,3.22,50.21697,2.033722
Oman,1985,336.0,9520.0,17900.0,,1.18,1.23,1.26,1.25,,0.532138
Oman,1990,428.0,15700.0,25400.0,3.45,0.58,1.68,4.45,1.72,22.91947,0.65407
Oman,1995,560.0,18900.0,18900.0,5.43,0.85,2.19,6.22,4.08,17.38778,0.45425
Oman,2000,620.0,25100.0,,7.29,1.21,2.62,9.29,,18.65225,0.424481
Oman,2005,,34900.0,21900.0,8.82,1.63,3.61,11.12,7.79,22.93022,0.552978
Oman,2010,987.0,65700.0,21500.0,12.66,2.42,8.16,19.12,10.12,29.0122,0.639674
Pakistan,1970,11300.0,19300.0,71000.0,2.58,4.41,3.18,5.37,5.62,1.748718,0.905981
Pakistan,1975,13800.0,23900.0,75800.0,3.77,5.26,3.86,,7.41,1.698966,0.805129
Pakistan,1980,17500.0,29800.0,87400.0,,5.75,6.75,7.68,11.56,1.725891,0.757853
Pakistan,1985,20800.0,45000.0,94200.0,7.4,7.18,9.87,12.05,16.4,1.735317,0.663822
Pakistan,1990,17300.0,,,15.48,9.5,13.79,17.21,10.3,1.713039,0.561174
Pakistan,1995,20000.0,85700.0,114000.0,24.98,10.35,20.24,23.67,,1.787462,0.532691
Pakistan,2000,22800.0,,131000.0,32.9,12.17,25.6,23.71,13.44,1.889884,0.540768
Pakistan,2005,40200.0,134000.0,147000.0,35.9,13.4,27.2,38.48,,2.083353,0.519989
Pakistan,2010,44800.0,,167000.0,40.4,16.39,33.36,39.46,20.88,,0.502044
Palau,1970,0.09,0.84,,0.43,0.67,0.71,0.17,0.01,0.149502,0.0
Palau,1975,0.1,0.95,0.9,0.43,0.67,0.71,0.17,0.01,0.158604,0.0
Palau,1980,0.1,1.01,0.96,0.43,0.67,0.71,0.17,0.01,0.170122,0.0
Palau,1985,0.1,1.32,,0.4,0.63,0.67,0.16,0.01,0.168978,0.0
Palau,1990,0.41,,9.69,0.46,0.73,0.77,0.19,0.01,0.776197,
Palau,1995,0.56,1.75,13.8,0.62,,0.9,,0.01,,0.066306
Palau,2000,,1.81,,0.76,0.19,0.79,0.37,0.01,1.774217,0.130076
Palau,2005,,1.92,,0.82,,0.55,0.27,0.0,1.467461,0.099174
Palau,2010,0.66,2.1,32.1,,0.2,,0.11,0.0,1.702023,0.137226
Panama,1970,,,2580.0,0.94,,0.79,0.65,0.11,3.992047,0.632007
Panama,1975,810.0,3120.0,3240.0,1.19,0.13,0.95,0.83,0.15,4.107728,0.476741
Panama,1980,841.0,3100.0,3190.0,0.84,,1.04,0.89,0.28,3.603231,0.415391
Panama,1985,887.0,3170.0,2820.0,,0.17,1.11,0.84,0.16,3.096044,0.339672
Panama,1990,,3230.0,2720.0,0.46,0.23,1.27,0.6,0.17,2.797861,0.363638
Panama,1995,1000.0,3410.0,4390.0,,0.29,,0.94,0.3,,0.354327
Panama,2000,986.0,3260.0,5210.0,1.14,0.35,2.33,1.06,0.33,3.118494,0.303606
Panama,2005,1150.0,3700.0,7170.0,1.62,0.44,2.86,,0.43,3.608371,0.312534
Panama,2010,1210.0,3910.0,9090.0,2.73,0.75,3.52,1.84,0.59,,0.252955
Papua New Guinea,1970,230.0,,,0.1,0.83,0.41,0.12,0.03,0.756161,
Papua New Guinea,1975,301.0,594.0,1650.0,0.37,0.84,0.51,0.03,0.03,0.88448,0.466576
Papua New Guinea,1980,373.0,764.0,2100.0,0.54,0.7,0.54,0.06,0.03,0.978562,0.564083
Papua New Guinea,1985,420.0,1600.0,2720.0,0.71,0.81,0.8,0.11,0.03,1.249814,0.809421
Papua New Guinea,1990,450.0,1200.0,,0.72,0.76,0.68,0.11,,0.971119,0.627191
Papua New Guinea,1995,522.0,1370.0,2410.0,0.48,0.51,0.6,0.15,0.08,0.878279,0.426443
Papua New Guinea,2000,576.0,1980.0,,,0.23,0.65,0.3,0.38,,0.555634
Papua New Guinea,2005,650.0,2850.0,5110.0,1.74,0.38,1.03,0.5,0.72,1.363416,0.775096
Papua New Guinea,2010,,,6120.0,1.09,0.37,1.25,0.13,0.24,,0.607534
Paraguay,1970,681.0,2010.0,7410.0,0.05,0.04,0.39,0.09,0.11,4.082156,1.194577
Paraguay,1975,857.0,,,0.05,0.05,0.48,0.12,0.16,4.373102,1.064363
Paraguay,1980,1560.0,2960.0,10000.0,0.08,0.06,1.09,0.12,0.21,4.576964,0.830988
Paraguay,1985,1600.0,3880.0,12700.0,0.04,0.1,1.19,0.09,0.18,4.942699,0.867939
Paraguay,1990,2260.0,4570.0,13900.0,0.01,0.13,1.62,,0.33,4.927596,0.814982
Paraguay,1995,3940.0,5400.0,16300.0,0.11,0.19,2.93,0.26,0.46,5.380081,0.811251
Paraguay,2000,3760.0,5570.0,,0.0,0.22,2.8,0.26,0.48,4.765442,0.781942
Paraguay,2005,3930.0,5980.0,16300.0,0.0,0.19,3.05,0.23,0.46,4.528212,0.738997
Paraguay,2010,5180.0,7790.0,20600.0,0.0,0.19,4.31,0.16,,5.398346,0.7416
Peru,1970,4630.0,21700.0,18300.0,1.41,3.8,5.26,4.92,2.92,3.349668,
Peru,1975,4720.0,19800.0,21100.0,1.7,3.48,6.4,6.65,2.81,2.992234,0.423074
Peru,1980,,18200.0,23100.0,2.83,3.92,6.13,7.52,2.63,2.64343,0.411688
Peru,1985,,17400.0,19800.0,2.32,3.68,5.88,,1.68,2.128718,
Peru,1990,,17400.0,21100.0,2.56,3.96,7.14,5.49,1.89,1.974629,0.37501
Peru,1995,5510.0,18600.0,25900.0,3.04,4.78,8.7,6.8,2.48,,0.337042
Peru,2000,6110.0,19200.0,29100.0,3.11,,9.71,9.17,2.47,2.099015,0.322683
Peru,2005,6370.0,20700.0,31800.0,5.38,3.07,10.08,10.1,3.06,2.130266,0.283168
Peru,2010,6770.0,23600.0,45000.0,,2.72,16.44,11.46,4.05,2.567337,0.259751
Philippines,1970,5890.0,,52000.0,4.77,3.02,8.93,6.25,2.66,2.334934,0.734458
Philippines,1975,6020.0,32600.0,55200.0,6.98,3.27,9.8,8.78,3.71,,0.596385
Philippines,1980,6630.0,37200.0,52600.0,9.12,3.77,10.46,10.0,4.07,2.034917,0.468185
Philippines,1985,6920.0,31400.0,52400.0,9.05,2.57,9.17,7.72,3.15,1.670777,0.414011
Philippines,1990,8570.0,42500.0,51900.0,9.08,3.26,13.74,11.97,5.57,1.661683,0.414497
Philippines,1995,9340.0,64000.0,53600.0,15.74,4.79,22.15,14.57,9.61,1.817452,0.459052
Philippines,2000,10800.0,75400.0,56800.0,22.7,6.54,24.6,14.3,8.25,,0.434063
Philippines,2005,11500.0,82100.0,62100.0,28.23,5.19,25.16,12.93,9.76,1.803976,0.377636
Philippines,2010,11500.0,86800.0,67400.0,33.11,6.02,23.75,14.25,9.93,1.76799,0.315876
Poland,1970,33700.0,117000.0,299000.0,133.39,61.11,28.98,57.31,29.62,13.77693,1.81937
Poland,1975,41800.0,134000.0,364000.0,174.92,68.33,31.04,65.41,37.71,15.90454,1.577516
Poland,1980,38900.0,139000.0,435000.0,231.33,84.18,28.12,72.36,39.48,17.25701,1.583866
Poland,1985,35400.0,129000.0,435000.0,245.56,88.76,24.21,63.86,,16.12896,1.828844
Poland,1990,26300.0,103000.0,360000.0,222.49,53.01,20.23,49.02,26.39,,1.266177
Poland,1995,25800.0,88600.0,354000.0,173.79,62.26,22.32,74.96,22.26,12.17604,1.08846
Poland,2000,26000.0,69900.0,311000.0,162.86,44.96,,54.81,22.6,10.55341,0.726471
Poland,2005,27400.0,67100.0,308000.0,166.42,55.02,34.51,40.42,,10.49737,0.620839
Poland,2010,26700.0,65300.0,324000.0,161.2,,47.12,36.68,,10.84812,
Portugal,1970,4040.0,,16700.0,0.81,,3.54,5.41,3.39,3.371629,
Portugal,1975,3990.0,,22100.0,2.96,2.52,5.33,6.77,4.09,3.765351,0.280769
Portugal,1980,,10000.0,28300.0,5.35,2.74,6.77,8.89,4.7,4.355174,0.302015
Portugal,1985,4010.0,9840.0,28500.0,5.85,,6.65,8.44,4.64,4.241207,0.265586
Portugal,1990,4120.0,10500.0,43500.0,15.06,3.65,9.69,,5.78,5.84309,0.287048
Portugal,1995,4180.0,11300.0,53400.0,19.53,4.23,,,6.03,6.788105,0.31263
Portugal,2000,4260.0,,64900.0,21.83,5.31,17.61,13.1,6.66,,0.304253
Portugal,2005,3930.0,12500.0,68100.0,,6.59,19.07,10.4,6.69,,0.30092
Portugal,2010,3750.0,,53500.0,,,18.53,8.86,5.95,6.538013,0.240478
Puerto Rico,1970,271.0,1340.0,,0.42,0.52,0.01,,0.81,1.19404,0.0
Puerto Rico,1975,279.0,1330.0,1830.0,0.42,0.5,,,0.82,1.172375,
Puerto Rico,1980,248.0,1010.0,1910.0,0.42,0.32,0.02,0.01,,0.994581,0.047852
Puerto Rico,1985,291.0,,2450.0,0.48,0.33,0.02,0.01,0.48,1.055273,0.050868
Puerto Rico,1990,307.0,881.0,2750.0,1.14,0.21,0.02,0.03,0.67,1.119972,
Puerto Rico,1995,229.0,923.0,2550.0,0.93,0.24,0.02,0.03,0.68,1.003308,0.035108
Puerto Rico,2000,225.0,1010.0,2630.0,,,0.02,0.03,0.64,1.016664,0.031224
Puerto Rico,2005,201.0,1010.0,2540.0,1.24,0.3,0.03,0.01,,0.994773,0.026174
Puerto Rico,2010,207.0,637.0,2520.0,1.46,0.24,0.02,0.01,0.38,0.905368,
Qatar,1970,81.5,14700.0,51600.0,1.17,0.01,0.23,0.82,6.22,,3.586208
Qatar,1975,115.0,20000.0,61700.0,2.44,0.02,0.45,2.03,7.55,497.1206,2.93037
Qatar,1980,115.0,14700.0,28900.0,3.01,0.2,1.05,2.72,4.31,,1.30252
Qatar,1985,132.0,15600.0,15900.0,,0.19,1.25,4.85,3.18,85.25619,1.380835
Qatar,1990,161.0,17100.0,14400.0,5.21,0.09,1.47,5.65,3.86,66.40818,1.126555
Qatar,1995,203.0,21100.0,11300.0,6.79,0.13,1.97,7.93,4.17,63.4995,1.269383
Qatar,2000,251.0,32000.0,,7.08,,2.42,11.63,10.49,95.73902,0.873997
Qatar,2005,301.0,43600.0,27900.0,8.94,0.16,,,10.23,83.01875,
Qatar,2010,,73000.0,,13.94,0.27,10.5,32.38,,71.10377,
Romania,1970,,28000.0,,41.76,19.12,8.31,45.7,15.28,8.498324,2.026966
Romania,1975,21200.0,32600.0,161000.0,45.88,25.84,8.65,60.47,19.94,9.925061,1.504749
Romania,1980,21500.0,36900.0,202000.0,36.25,35.95,6.89,98.26,24.06,11.49928,1.171136
Romania,1985,,39900.0,200000.0,61.91,34.91,4.28,73.74,24.84,11.36675,0.978696
Romania,1990,18800.0,33400.0,187000.0,74.03,,,65.78,18.85,10.19856,0.922038
Romania,1995,11700.0,23200.0,131000.0,62.22,,8.17,38.61,13.69,7.236851,0.711989
Romania,2000,10400.0,20700.0,97100.0,42.13,8.57,9.45,26.05,10.86,5.789295,0.557303
Romania,2005,,21600.0,105000.0,40.45,11.08,12.06,29.03,12.09,6.386156,
Romania,2010,10800.0,21300.0,83200.0,33.56,9.4,13.82,17.94,7.95,5.639668,
Russia,1970,99600.0,331000.0,1360000.0,508.34,254.48,111.31,216.34,,13.79882,1.236293
Russia,1975,123000.0,412000.0,1690000.0,639.01,310.4,,279.75,,16.65193,1.173656
Russia,1980,129000.0,473000.0,1970000.0,723.53,359.14,173.15,348.4,302.91,18.659,
Russia,1985,,507000.0,2090000.0,813.33,368.2,196.47,345.69,280.18,19.07813,1.062238
Russia,1990,118000.0,500000.0,2360000.0,1176.36,381.94,,306.22,215.67,,0.973012
Russia,1995,72400.0,373000.0,1670000.0,916.42,214.58,190.92,226.09,198.15,,
Russia,2000,61300.0,340000.0,1600000.0,874.39,189.32,189.15,221.31,201.24,13.67334,0.971596
Russia,2005,,383000.0,1620000.0,887.79,158.26,220.87,214.72,252.31,14.40027,0.74462
Russia,2010,62600.0,413000.0,1670000.0,891.81,150.63,244.1,242.41,202.51,14.97127,0.649998
Rwanda,1970,261.0,561.0,1570.0,0.0,,,0.03,0.01,0.638137,0.791612
Rwanda,1975,337.0,594.0,1720.0,,,0.01,0.03,0.01,0.60921,0.72548
Rwanda,1980,397.0,634.0,1840.0,0.01,0.03,0.03,0.03,0.02,0.557687,0.557523
Rwanda,1985,602.0,,,0.09,,,,0.03,0.580625,0.598509
Rwanda,1990,626.0,632.0,1910.0,,0.11,0.2,0.11,0.05,0.437885,0.513166
Rwanda,1995,654.0,515.0,1780.0,0.07,0.12,0.2,0.14,0.03,0.496796,0.74866
Rwanda,2000,,760.0,2450.0,,0.12,0.28,,0.05,,0.631282
Rwanda,2005,961.0,1000.0,3250.0,0.15,,0.34,0.06,0.07,0.579303,0.567812
Rwanda,2010,1180.0,1360.0,4100.0,0.16,0.1,0.38,,0.07,,0.485526
Saint Kitts and Nevis,1970,8.15,,56.9,0.01,0.01,0.0,,,,0.477147
Saint Kitts and Nevis,1975,8.57,24.8,74.8,0.01,0.01,0.0,0.0,0.0,,0.44323
Saint Kitts and Nevis,1980,9.64,26.7,80.9,0.01,0.01,0.0,,0.0,2.712938,
Saint Kitts and Nevis,1985,14.4,24.8,67.8,0.01,0.01,0.0,0.0,0.0,2.547421,0.26812
Saint Kitts and Nevis,1990,6.66,21.8,89.4,0.01,0.01,0.01,0.0,0.0,2.884129,0.20127
Saint Kitts and Nevis,1995,14.8,21.5,108.0,0.02,0.01,,0.0,0.0,3.359642,0.202648
Saint Kitts and Nevis,2000,17.6,24.4,146.0,0.01,0.01,0.01,0.0,0.0,4.148334,0.216272
Saint Kitts and Nevis,2005,16.0,24.5,,0.03,0.01,0.02,0.0,0.0,3.73247,0.175352
Saint Kitts and Nevis,2010,14.7,24.5,164.0,0.07,0.02,,0.01,0.0,3.95212,0.189535
Saint Lucia,1970,18.6,37.2,,0.02,0.02,0.0,0.0,0.0,1.287175,0.483369
Saint Lucia,1975,,38.5,125.0,,0.03,0.0,0.0,0.0,1.679975,0.577411
Saint Lucia,1980,17.8,44.8,120.0,0.03,0.02,0.0,0.0,0.0,1.543251,0.333304
Saint Lucia,1985,29.5,50.4,139.0,0.03,0.02,0.01,0.0,0.0,1.735644,0.332931
Saint Lucia,1990,31.3,53.4,218.0,0.03,0.03,0.01,0.0,,,0.273406
Saint Lucia,1995,70.0,55.0,242.0,0.05,0.03,0.02,0.0,0.0,2.493182,0.280739
Saint Lucia,2000,36.6,54.5,364.0,0.07,0.03,0.05,0.01,0.0,2.899722,0.289348
Saint Lucia,2005,31.9,55.2,410.0,0.07,0.02,0.05,0.01,,3.035354,0.290178
Saint Lucia,2010,31.9,,484.0,0.1,0.03,0.07,0.01,0.0,,0.304034
Saint Vincent and the Grenadines,1970,18.2,29.2,40.8,0.0,0.01,0.0,0.0,0.0,0.974279,0.303591
Saint Vincent and the Grenadines,1975,23.6,32.7,,0.01,0.01,0.0,0.0,,1.244866,0.375416
Saint Vincent and the Grenadines,1980,27.3,36.1,70.2,0.01,0.01,,0.0,,1.329179,0.343366
Saint Vincent and the Grenadines,1985,35.9,,81.2,0.01,0.01,0.0,0.0,0.0,1.50026,
Saint Vincent and the Grenadines,1990,18.8,,139.0,0.01,0.01,0.01,0.0,0.0,1.83716,0.32874
Saint Vincent and the Grenadines,1995,19.9,,177.0,0.03,0.02,0.01,0.0,0.0,2.197657,
Saint Vincent and the Grenadines,2000,22.1,,242.0,0.03,0.01,0.02,0.01,0.0,2.830397,0.375094
Saint Vincent and the Grenadines,2005,20.8,41.1,257.0,0.04,,0.03,0.0,0.0,2.93562,0.314655
Saint Vincent and the Grenadines,2010,20.0,42.1,296.0,0.05,0.02,0.04,0.0,,3.274529,
Samoa,1970,17.9,28.9,76.8,0.0,0.02,0.02,,0.0,0.862689,0.0
Samoa,1975,20.9,31.4,86.5,0.01,,0.02,0.0,0.0,0.91672,0.0
Samoa,1980,23.4,53.5,97.2,0.02,0.02,0.02,0.0,0.0,1.119345,0.307804
Samoa,1985,27.5,128.0,,,0.03,0.05,0.01,0.0,1.708587,0.558354
Samoa,1990,32.5,97.2,136.0,,,0.04,0.01,0.0,1.634489,0.447064
Samoa,1995,32.8,98.1,136.0,0.02,0.02,0.04,0.01,0.0,1.568851,0.425576
Samoa,2000,35.7,130.0,142.0,0.04,0.01,0.04,0.02,0.0,1.761693,0.40737
Samoa,2005,38.9,115.0,155.0,0.06,0.01,0.04,0.02,,1.716583,0.321788
Samoa,2010,39.3,116.0,158.0,0.04,0.01,,0.01,0.0,1.68197,0.31159
Sao Tome and Principe,1970,3.78,5.45,,0.0,0.01,0.0,0.01,,0.360306,0.157256
Sao Tome and Principe,1975,3.74,6.61,19.4,,0.01,0.0,0.01,0.0,0.360133,
Sao Tome and Principe,1980,4.33,16.7,21.9,0.0,0.01,0.01,0.01,0.0,0.45165,0.15204
Sao Tome and Principe,1985,4.94,16.9,24.7,0.0,0.01,0.01,0.0,0.0,0.449429,0.192671
Sao Tome and Principe,1990,6.08,29.4,28.0,0.01,0.01,0.02,0.01,,0.557535,0.267599
Sao Tome and Principe,1995,5.99,22.7,31.1,0.01,0.01,0.02,,0.0,0.472541,0.277855
Sao Tome and Principe,2000,9.13,34.4,44.9,0.01,0.01,0.03,0.01,0.0,0.637706,0.309956
Sao Tome and Principe,2005,8.81,39.6,52.0,0.01,0.01,0.03,0.01,,0.645004,0.28112
Sao Tome and Principe,2010,,50.0,,0.03,0.02,0.07,0.02,0.0,0.676203,
Saudi Arabia,1970,,150000.0,47000.0,1.68,0.57,3.32,7.1,34.34,33.8613,0.669626
Saudi Arabia,1975,1530.0,287000.0,89000.0,3.6,0.85,6.03,12.04,66.47,50.76638,0.61909
Saudi Arabia,1980,3010.0,382000.0,188000.0,24.72,2.49,19.58,52.63,88.1,58.81476,0.751003
Saudi Arabia,1985,4710.0,51500.0,135000.0,45.11,,44.09,26.98,17.18,14.49708,
Saudi Arabia,1990,6020.0,66000.0,169000.0,57.92,2.54,49.4,41.23,15.07,14.77762,
Saudi Arabia,1995,5950.0,65800.0,217000.0,80.21,2.94,54.13,54.35,24.02,15.41528,0.433556
Saudi Arabia,2000,6850.0,63300.0,262000.0,102.45,3.35,60.94,67.86,29.57,16.01495,0.439323
Saudi Arabia,2005,7490.0,75300.0,308000.0,131.17,,75.75,87.04,41.43,16.36137,0.406964
Saudi Arabia,2010,,79800.0,425000.0,178.3,4.41,,,58.92,18.67807,0.412118
Senegal,1970,1440.0,1370.0,4710.0,0.33,0.07,0.43,0.38,0.15,,0.956121
Senegal,1975,1390.0,1820.0,4610.0,0.59,0.08,0.54,,0.21,1.585773,0.865228
Senegal,1980,1370.0,,4560.0,0.62,,0.72,0.6,0.23,1.466462,0.754821
Senegal,1985,1480.0,,4900.0,0.78,0.14,0.75,0.46,0.24,1.348512,0.729746
Senegal,1990,,2400.0,5610.0,0.85,0.3,0.73,0.25,0.26,1.290807,0.696261
Senegal,1995,2000.0,2800.0,6300.0,1.01,0.32,0.78,0.37,0.32,1.268449,0.715384
Senegal,2000,2350.0,4090.0,7030.0,,0.35,1.17,0.53,0.51,1.363244,0.710036
Senegal,2005,2510.0,,7520.0,1.91,0.44,,0.82,1.17,1.406792,0.664474
Senegal,2010,2770.0,6960.0,8900.0,2.09,0.38,2.06,,1.57,1.441938,0.657398
Serbia and Montenegro,1970,4000.0,10600.0,24800.0,10.89,2.19,3.86,5.92,1.94,,0.381617
Serbia and Montenegro,1975,4450.0,12000.0,31100.0,14.29,2.75,4.26,6.63,,5.253823,0.362292
Serbia and Montenegro,1980,4470.0,12100.0,40000.0,22.59,2.56,4.73,6.57,3.58,5.968889,0.320321
Serbia and Montenegro,1985,4530.0,13100.0,59300.0,39.87,3.58,4.8,6.66,4.44,7.793617,0.427825
Serbia and Montenegro,1990,4040.0,13000.0,66400.0,,7.23,4.47,9.79,4.48,8.230094,0.757754
Serbia and Montenegro,1995,3420.0,12300.0,46900.0,36.4,,2.73,3.17,2.34,5.960494,1.145767
Serbia and Montenegro,2000,3300.0,,,36.06,3.48,2.91,5.6,2.77,6.435722,0.90214
Serbia and Montenegro,2005,3780.0,9850.0,61000.0,39.26,,7.85,7.68,3.36,7.59119,0.769639
Serbia and Montenegro,2010,3370.0,9920.0,58400.0,,3.49,8.11,6.02,2.74,7.426556,0.638354
Seychelles,1970,9.27,22.0,21.6,0.0,0.05,0.02,0.04,0.0,1.009404,0.280094
Seychelles,1975,11.9,27.1,20.7,,0.05,0.02,0.05,0.0,1.002175,0.137026
Seychelles,1980,17.1,30.5,,0.02,0.04,0.04,0.05,,2.302665,0.199424
Seychelles,1985,15.3,33.4,148.0,0.04,0.05,0.06,0.03,0.0,2.822006,0.2695
Seychelles,1990,,,188.0,0.04,0.06,0.12,,0.0,3.397508,
Seychelles,1995,,32.9,108.0,,0.08,0.14,0.09,0.0,1.977773,0.133699
Seychelles,2000,14.4,42.2,181.0,0.07,,,0.05,0.0,2.922799,0.158705
Seychelles,2005,13.9,57.3,,0.15,0.13,0.34,0.06,,4.370693,0.263028
Seychelles,2010,15.8,74.7,460.0,0.21,0.13,0.48,0.11,0.0,6.026791,0.30112
Sierra Leone,1970,344.0,,2400.0,0.0,0.17,0.06,0.16,0.02,1.151433,0.836716
Sierra Leone,1975,361.0,421.0,2550.0,0.0,0.19,0.08,0.19,0.02,1.112577,0.674161
Sierra Leone,1980,396.0,594.0,,0.08,0.15,0.16,0.18,0.02,1.083504,0.714883
Sierra Leone,1985,410.0,618.0,2420.0,0.11,0.16,0.18,0.1,0.03,0.908547,0.654309
Sierra Leone,1990,436.0,703.0,2510.0,0.1,0.16,,0.16,0.03,0.846338,0.676177
Sierra Leone,1995,,604.0,2180.0,0.08,0.14,0.24,0.16,0.03,0.75769,0.791542
Sierra Leone,2000,428.0,729.0,2000.0,0.12,,0.33,0.08,0.07,0.692122,0.757272
Sierra Leone,2005,513.0,894.0,3360.0,,0.08,,0.04,0.1,0.84307,0.803008
Sierra Leone,2010,719.0,,3750.0,0.13,0.08,0.31,0.07,0.14,0.867666,0.711696
Singapore,1970,365.0,,6630.0,2.23,0.33,1.53,1.97,0.57,3.789709,0.496796
Singapore,1975,449.0,1000.0,9300.0,,0.22,1.86,2.94,0.87,4.75921,0.330975
Singapore,1980,564.0,1130.0,13900.0,5.07,0.31,2.86,4.42,1.2,6.447401,0.313819
Singapore,1985,658.0,1260.0,17800.0,7.08,1.38,3.41,4.74,2.3,7.288211,0.257452
Singapore,1990,822.0,1420.0,30500.0,,1.32,4.07,9.16,2.65,10.87249,0.313289
Singapore,1995,1860.0,1710.0,43600.0,20.97,0.62,5.65,10.35,3.71,13.56708,0.298336
Singapore,2000,,1810.0,49000.0,,0.61,5.22,11.94,3.21,14.61379,0.275164
Singapore,2005,1720.0,2330.0,40600.0,19.69,0.52,,12.06,5.13,9.946792,0.169125
Singapore,2010,1740.0,2620.0,45800.0,22.01,0.64,7.03,,6.78,9.883167,0.137193
Slovakia,1970,3260.0,,47200.0,,3.96,4.27,16.06,7.99,12.26498,
Slovakia,1975,,5860.0,51500.0,6.73,4.84,4.21,19.16,7.96,12.85778,1.042002
Slovakia,1980,4510.0,6720.0,,15.52,14.54,4.12,21.59,,14.70855,1.125649
Slovakia,1985,4070.0,7130.0,60500.0,15.26,,3.34,21.19,6.07,13.87745,1.015724
Slovakia,1990,4270.0,7350.0,60600.0,13.34,17.16,4.09,20.23,5.73,,0.954686
Slovakia,1995,3010.0,5770.0,45800.0,14.64,8.99,3.79,13.78,4.3,,0.790513
Slovakia,2000,2800.0,5910.0,42900.0,11.26,8.59,4.06,12.97,5.49,9.566424,0.628369
Slovakia,2005,,6230.0,43000.0,10.7,6.3,6.51,13.75,4.94,9.674526,0.499263
Slovakia,2010,2960.0,6010.0,41000.0,8.85,6.85,7.15,11.71,5.09,,0.378248
Slovenia,1970,,2750.0,,1.02,1.1,1.91,2.01,3.86,8.300642,0.396664
Slovenia,1975,1060.0,3120.0,11500.0,1.43,1.15,2.2,2.5,3.85,8.979674,0.351991
Slovenia,1980,1130.0,3310.0,13400.0,2.61,1.08,,2.71,4.23,9.714169,0.297626
Slovenia,1985,,3690.0,13500.0,3.56,1.2,2.39,2.96,3.09,9.512259,0.302304
Slovenia,1990,1170.0,3720.0,17100.0,6.25,1.97,2.62,2.69,3.09,10.95465,0.588378
Slovenia,1995,940.0,3460.0,16500.0,5.87,2.44,3.84,1.91,1.83,10.49847,0.575684
Slovenia,2000,1080.0,3580.0,,,2.49,3.53,2.44,1.62,10.59332,0.47074
Slovenia,2005,1090.0,3820.0,18300.0,6.29,2.46,4.31,,2.86,,0.434818
Slovenia,2010,906.0,3570.0,17800.0,6.2,2.14,5.21,1.89,2.44,10.89157,0.383038
Solomon Islands,1970,47.3,,189.0,0.0,,0.02,0.0,0.0,1.721691,
Solomon Islands,1975,67.5,46.5,266.0,0.01,0.02,0.02,0.0,0.0,1.963409,0.0
Solomon Islands,1980,103.0,75.8,358.0,0.02,0.02,0.02,0.0,0.0,,1.039307
Solomon Islands,1985,95.0,108.0,396.0,0.05,0.03,0.05,,0.0,2.214983,1.185643
Solomon Islands,1990,72.1,,362.0,0.04,0.04,0.04,0.01,0.01,1.76531,0.984055
Solomon Islands,1995,80.3,119.0,238.0,0.02,0.02,0.04,0.01,0.01,1.217151,0.532957
Solomon Islands,2000,101.0,147.0,251.0,0.06,0.01,0.06,0.03,0.01,1.211891,0.699313
Solomon Islands,2005,113.0,161.0,270.0,0.08,,0.06,0.03,0.01,,
Solomon Islands,2010,133.0,235.0,269.0,0.06,0.02,,0.01,0.01,1.205925,0.676969
Somalia,1970,,4090.0,13100.0,0.0,0.26,0.1,0.25,0.02,5.082714,515.3115
Somalia,1975,463.0,4210.0,14000.0,0.01,0.29,0.12,0.29,0.02,4.811087,466.1046
Somalia,1980,717.0,4820.0,16000.0,0.12,0.23,0.24,0.28,0.03,3.383413,454.1687
Somalia,1985,747.0,5300.0,17400.0,0.18,0.25,0.28,0.17,0.03,3.455378,439.987
Somalia,1990,678.0,5200.0,17400.0,0.09,0.15,0.27,0.15,,3.143161,411.2008
Somalia,1995,740.0,5290.0,17000.0,0.05,0.09,0.16,0.11,0.03,2.988815,15.18671
Somalia,2000,838.0,5510.0,18500.0,0.09,0.11,0.25,0.06,0.03,2.753585,8.348607
Somalia,2005,947.0,5900.0,20300.0,0.16,0.14,0.36,0.07,,2.605741,6.119492
Somalia,2010,1130.0,,19300.0,0.18,0.11,0.41,0.09,0.04,2.129116,4.360583
South Africa,1970,14000.0,36200.0,183000.0,65.25,17.16,28.72,45.98,28.06,10.22074,
South Africa,1975,16000.0,41000.0,229000.0,96.17,18.24,31.34,57.24,27.52,10.92,1.008565
South Africa,1980,17600.0,48100.0,,96.94,13.17,25.58,72.71,33.65,10.12197,1.027624
South Africa,1985,16600.0,55800.0,247000.0,,,,59.34,63.46,9.47881,0.942401
South Africa,1990,17900.0,61900.0,269000.0,143.46,,29.55,56.49,68.62,9.274826,0.956123
South Africa,1995,,64700.0,286000.0,167.16,17.94,,39.5,63.19,8.811104,0.973658
South Africa,2000,19800.0,70000.0,,189.39,12.87,35.18,43.09,64.67,8.688265,0.910753
South Africa,2005,21300.0,75800.0,372000.0,210.29,25.11,43.2,93.71,60.86,9.61956,0.889921
South Africa,2010,19800.0,77600.0,407000.0,,19.83,48.09,96.21,58.1,9.772896,0.82161
Spain and Andorra,1970,15900.0,27500.0,144000.0,,15.2,23.32,61.47,20.47,5.510296,0.397318
Spain and Andorra,1975,19600.0,,184000.0,42.64,16.58,36.32,60.17,27.75,,0.370331
Spain and Andorra,1980,22300.0,31000.0,214000.0,62.31,19.58,45.12,59.24,27.63,7.072951,0.372424
Spain and Andorra,1985,21600.0,33400.0,198000.0,57.3,21.24,43.94,50.53,24.92,6.517632,0.334169
Spain and Andorra,1990,22300.0,36100.0,230000.0,65.9,20.42,63.2,,27.34,7.340125,0.307867
Spain and Andorra,1995,22100.0,37400.0,255000.0,76.54,24.4,71.92,55.34,26.79,7.885233,0.311539
Spain and Andorra,2000,24800.0,41300.0,312000.0,97.43,30.21,90.36,60.58,33.3,9.245193,
Spain and Andorra,2005,23600.0,42800.0,,116.4,37.26,109.25,70.78,35.26,9.887491,0.298831
Spain and Andorra,2010,21700.0,42600.0,288000.0,71.52,35.44,98.38,56.69,26.0,7.531388,0.229376
Sri Lanka,1970,1190.0,,13400.0,0.06,,1.35,0.49,0.34,1.418058,0.394847
Sri Lanka,1975,1190.0,2990.0,12000.0,0.04,0.65,1.31,0.63,0.34,1.176794,
Sri Lanka,1980,1560.0,4210.0,13900.0,0.29,,2.08,0.67,0.54,1.31144,0.47403
Sri Lanka,1985,1740.0,4030.0,14300.0,0.04,0.56,2.44,0.45,0.47,1.243051,0.373834
Sri Lanka,1990,1730.0,4240.0,13500.0,0.01,0.63,2.5,0.55,0.51,1.123038,0.311018
Sri Lanka,1995,1860.0,6230.0,13100.0,0.25,0.92,3.7,0.6,0.72,1.162503,0.26027
Sri Lanka,2000,2090.0,11400.0,10900.0,3.17,,5.16,0.96,0.82,1.300428,0.234321
Sri Lanka,2005,2150.0,14500.0,11600.0,4.49,1.24,6.32,1.36,1.03,1.447906,0.223416
Sri Lanka,2010,2600.0,14900.0,12900.0,,1.05,6.92,1.06,1.27,1.50647,0.176454
Sudan and South Sudan,1970,3440.0,8430.0,24400.0,0.24,0.31,2.06,0.6,0.19,2.60455,1.690943
Sudan and South Sudan,1975,3560.0,10500.0,29000.0,0.18,,2.16,0.75,,2.643567,1.729781
Sudan and South Sudan,1980,3960.0,12400.0,33700.0,0.24,0.12,,1.03,0.23,2.602983,1.438528
Sudan and South Sudan,1985,4300.0,14200.0,,0.48,0.12,2.75,0.62,0.24,2.493376,1.539321
Sudan and South Sudan,1990,5590.0,13400.0,37200.0,0.5,0.15,3.96,0.69,0.24,2.170158,1.243602
Sudan and South Sudan,1995,4650.0,18300.0,,0.88,0.19,2.79,0.45,0.31,2.441655,1.244787
Sudan and South Sudan,2000,6130.0,22900.0,60000.0,,0.84,2.64,0.68,0.53,2.621142,1.14678
Sudan and South Sudan,2005,10500.0,,68900.0,2.38,1.36,4.91,1.21,0.91,2.718842,1.001331
Sudan and South Sudan,2010,16300.0,27500.0,72600.0,1.09,1.46,8.83,3.59,1.7,,0.7779
Suriname,1970,128.0,683.0,,0.28,0.32,0.03,0.0,0.12,6.568687,0.722167
Suriname,1975,140.0,740.0,2050.0,0.34,0.45,0.05,0.0,0.08,8.092455,0.779336
Suriname,1980,143.0,,,0.39,0.31,0.08,0.01,0.12,8.256334,0.570086
Suriname,1985,190.0,990.0,1350.0,0.27,,0.08,0.01,0.09,6.820096,0.585418
Suriname,1990,,754.0,1650.0,0.33,,,0.03,0.08,6.294877,0.593376
Suriname,1995,172.0,,1560.0,,0.26,0.15,0.03,0.07,5.666536,0.58614
Suriname,2000,185.0,,1710.0,0.27,0.21,0.29,0.68,0.03,5.28802,0.541016
Suriname,2005,176.0,568.0,1820.0,0.68,0.38,0.5,,,5.146645,0.419943
Suriname,2010,187.0,644.0,,,0.43,0.65,0.1,,5.361353,0.37522
Swaziland,1970,451.0,452.0,1060.0,0.01,0.06,0.02,0.09,0.0,4.397912,0.971101
Swaziland,1975,494.0,501.0,1210.0,0.0,0.07,0.03,0.12,0.0,4.266982,1.126373
Swaziland,1980,532.0,533.0,1290.0,0.24,0.07,0.07,0.25,,3.898043,0.832484
Swaziland,1985,,497.0,1310.0,0.19,,0.08,0.14,,3.039615,0.630823
Swaziland,1990,250.0,548.0,1330.0,0.3,0.09,0.11,0.09,0.01,2.47478,
Swaziland,1995,172.0,467.0,1380.0,0.25,0.11,0.14,,0.01,,0.318727
Swaziland,2000,374.0,484.0,1370.0,0.98,0.17,0.18,0.35,0.01,2.094093,0.30562
Swaziland,2005,463.0,494.0,1460.0,1.0,0.15,,0.18,0.01,,0.298717
Swaziland,2010,583.0,501.0,1250.0,1.31,,,0.19,,1.938709,
Sweden,1970,6880.0,12600.0,96700.0,12.92,36.7,13.92,25.47,7.46,14.42177,0.739876
Sweden,1975,7480.0,13000.0,86000.0,5.56,33.04,15.43,25.01,6.92,12.98154,0.573145
Sweden,1980,,13500.0,79400.0,9.22,26.47,16.69,20.73,6.25,12.03563,0.509932
Sweden,1985,7230.0,13600.0,63700.0,12.36,13.66,18.17,14.19,5.28,10.11232,0.364742
Sweden,1990,6380.0,13600.0,58100.0,8.12,10.57,19.86,13.53,6.04,9.118359,0.295223
Sweden,1995,6300.0,13700.0,62900.0,9.74,10.09,20.34,16.76,6.05,9.379828,0.302525
Sweden,2000,6120.0,,58400.0,7.78,7.41,21.21,15.58,6.39,8.813474,0.23947
Sweden,2005,12300.0,13300.0,55900.0,9.13,4.61,22.42,12.95,6.77,9.022196,0.21916
Sweden,2010,10200.0,12500.0,53500.0,10.71,3.32,21.69,10.34,,8.120929,0.189411
Switzerland and Liechtenstein,1970,2340.0,6060.0,41700.0,0.96,17.88,,10.0,,8.120414,0.23424
Switzerland and Liechtenstein,1975,,6290.0,40500.0,1.32,,9.01,8.65,3.73,7.752264,0.193056
Switzerland and Liechtenstein,1980,2730.0,6510.0,43300.0,0.68,,10.34,9.1,4.03,8.334056,0.211895
Switzerland and Liechtenstein,1985,2690.0,6450.0,,0.69,19.83,11.71,9.54,3.75,8.46969,0.20183
Switzerland and Liechtenstein,1990,2540.0,6410.0,46000.0,2.1,17.23,14.51,6.91,,8.235989,0.175592
Switzerland and Liechtenstein,1995,2510.0,5890.0,45400.0,2.19,17.76,14.37,7.13,3.28,,0.170801
Switzerland and Liechtenstein,2000,2330.0,5400.0,45500.0,2.63,16.42,16.55,,2.92,7.420193,0.150953
Switzerland and Liechtenstein,2005,2230.0,5820.0,47800.0,3.05,17.72,16.57,6.66,3.16,,0.147048
Switzerland and Liechtenstein,2010,2150.0,11100.0,47100.0,2.83,16.64,17.18,6.61,3.21,7.699014,0.142343
Syria,1970,1790.0,4360.0,6320.0,0.98,1.11,1.44,1.91,0.97,1.964279,0.620319
Syria,1975,2130.0,5240.0,9290.0,0.9,1.34,2.51,3.51,1.13,2.210411,0.439939
Syria,1980,3100.0,7390.0,14300.0,,1.66,,5.41,2.16,2.778482,1.206558
Syria,1985,3560.0,8110.0,22800.0,3.71,3.36,5.0,7.46,3.42,,1.850876
Syria,1990,4390.0,22700.0,33000.0,6.48,9.06,7.24,4.44,6.65,4.822456,3.713304
Syria,1995,4750.0,31700.0,40300.0,9.82,7.15,7.51,6.66,,5.355575,5.345742
Syria,2000,,23200.0,46500.0,14.42,,8.46,7.24,8.65,4.55737,2.826514
Syria,2005,6430.0,16800.0,58900.0,,10.26,13.63,8.2,5.12,4.489676,0.845163
Syria,2010,5940.0,17000.0,61800.0,,7.06,12.29,8.81,,4.032709,0.715377
Taiwan,1970,1850.0,13400.0,36200.0,9.63,3.99,2.44,13.64,6.41,3.505871,0.665561
Taiwan,1975,2660.0,13200.0,48500.0,13.86,5.48,4.64,16.77,7.43,,0.502186
Taiwan,1980,3140.0,12100.0,81500.0,23.65,7.17,8.51,32.06,9.32,5.463755,0.458282
Taiwan,1985,3090.0,11500.0,80400.0,19.2,9.11,11.76,29.03,10.55,4.962956,
Taiwan,1990,,11000.0,126000.0,,10.64,19.59,,13.27,6.931463,0.349787
Taiwan,1995,4680.0,10800.0,171000.0,,9.57,28.8,45.69,15.07,8.80302,0.344536
Taiwan,2000,4790.0,10400.0,231000.0,114.67,10.77,34.03,54.87,15.24,11.2931,
Taiwan,2005,5110.0,10100.0,271000.0,147.22,11.74,37.75,56.98,15.41,12.67387,0.352036
Taiwan,2010,5180.0,10000.0,273000.0,154.4,9.69,35.76,,14.77,,0.334855
Tajikistan,1970,876.0,3160.0,7550.0,0.34,6.27,0.33,0.0,0.63,,1.271348
Tajikistan,1975,1030.0,3660.0,9450.0,,7.82,0.47,0.0,0.82,4.170579,1.185409
Tajikistan,1980,1080.0,4030.0,11000.0,0.45,9.06,0.56,0.0,0.89,4.115494,1.106806
Tajikistan,1985,1180.0,4240.0,11500.0,0.77,,0.48,0.0,1.0,3.735944,
Tajikistan,1990,1190.0,4450.0,12300.0,1.53,8.75,0.73,0.0,1.25,3.388023,0.931589
Tajikistan,1995,1190.0,3680.0,3080.0,0.56,1.72,,0.0,0.62,1.379969,1.08595
Tajikistan,2000,956.0,3340.0,2810.0,0.57,1.56,,0.0,0.63,1.144438,0.968872
Tajikistan,2005,,4110.0,3290.0,0.59,1.63,0.12,0.0,0.92,1.255343,0.73597
Tajikistan,2010,1460.0,5550.0,3730.0,0.04,2.0,0.27,0.0,0.83,1.404775,0.667252
Tanzania,1970,1570.0,5480.0,14400.0,0.21,0.19,0.71,0.29,0.17,1.578723,1.224214
Tanzania,1975,1650.0,,15600.0,0.25,0.18,0.75,0.23,0.24,1.449699,1.039671
Tanzania,1980,1770.0,6730.0,,0.21,0.28,0.69,0.3,,1.396756,1.01285
Tanzania,1985,1760.0,7200.0,18700.0,0.24,0.19,,0.39,0.29,1.266005,0.97099
Tanzania,1990,2110.0,7700.0,20700.0,0.25,0.34,0.7,0.38,0.43,1.199423,0.836994
Tanzania,1995,2960.0,8990.0,24200.0,0.55,0.63,0.9,0.41,0.46,1.207466,0.907313
Tanzania,2000,3040.0,9760.0,27800.0,0.33,,1.46,0.47,0.48,1.188754,0.825219
Tanzania,2005,5700.0,11100.0,32500.0,1.35,0.55,2.7,0.45,0.73,1.251834,0.707573
Tanzania,2010,6510.0,12400.0,37700.0,1.47,0.76,,0.44,1.01,1.227746,0.604894
Thailand,1970,8720.0,82400.0,18100.0,2.8,3.15,,4.58,1.81,2.959968,1.436697
Thailand,1975,9000.0,91200.0,,4.27,4.62,6.97,5.28,2.56,,0.97189
Thailand,1980,9740.0,95500.0,37200.0,11.52,5.51,9.63,7.08,3.44,3.004566,
Thailand,1985,12300.0,99700.0,48400.0,13.03,5.71,14.45,8.87,6.4,3.081756,0.655237
Thailand,1990,14800.0,96300.0,92900.0,28.0,8.06,27.35,17.48,12.13,3.605,0.542099
Thailand,1995,,96000.0,161000.0,49.04,8.44,46.8,35.66,22.0,4.604744,0.490401
Thailand,2000,16700.0,93600.0,,55.0,13.02,44.2,40.05,,4.469416,0.486218
Thailand,2005,17500.0,101000.0,226000.0,71.47,14.98,54.95,58.78,25.43,5.271367,0.456847
Thailand,2010,21900.0,120000.0,,82.66,18.26,57.18,65.3,21.98,,0.429269
Timor-Leste,1970,50.8,158.0,501.0,0.01,0.05,0.03,0.01,0.0,1.172693,0.0
Timor-Leste,1975,56.7,,537.0,0.03,0.05,0.04,,0.0,1.114946,0.0
Timor-Leste,1980,59.4,66.6,328.0,0.04,0.05,0.04,0.0,0.0,0.772417,0.0
Timor-Leste,1985,65.0,81.7,400.0,0.05,0.03,,0.01,0.0,,0.0
Timor-Leste,1990,64.0,101.0,430.0,0.04,0.04,0.04,0.01,0.0,0.790998,0.73039
Timor-Leste,1995,81.1,155.0,653.0,0.02,0.02,0.04,0.01,0.0,1.019968,
Timor-Leste,2000,300.0,154.0,1030.0,0.04,0.01,0.04,0.02,0.23,1.706619,1.2399
Timor-Leste,2005,251.0,182.0,1250.0,0.06,0.01,0.04,,0.15,1.637667,1.240999
Timor-Leste,2010,290.0,194.0,1910.0,0.06,0.02,0.09,,,2.153051,1.190707
Togo,1970,264.0,353.0,1220.0,0.08,0.06,0.21,0.0,,0.86671,0.636349
Togo,1975,311.0,400.0,1280.0,0.05,0.03,0.24,0.0,0.08,0.827053,0.588756
Togo,1980,289.0,,1340.0,0.02,0.03,0.32,0.0,0.15,0.791935,0.459447
Togo,1985,383.0,439.0,1580.0,0.04,0.03,0.23,0.0,0.14,0.737894,0.562469
Togo,1990,552.0,765.0,,0.07,,0.43,0.02,0.19,,0.644843
Togo,1995,433.0,750.0,2140.0,,0.06,0.39,0.07,0.17,0.777852,0.647431
Togo,2000,645.0,1270.0,2860.0,0.1,,0.43,0.26,0.32,0.959586,0.752311
Togo,2005,721.0,1330.0,3260.0,0.07,0.19,0.61,,0.36,0.934582,0.791668
Togo,2010,806.0,1800.0,3800.0,0.07,0.18,1.6,0.23,0.46,0.984449,
Tonga,1970,7.67,40.2,6.03,0.0,0.01,0.01,0.0,,0.638478,0.0
Tonga,1975,11.5,49.2,6.71,0.01,0.01,,,0.0,0.763134,0.0
Tonga,1980,20.1,72.0,7.59,0.01,0.01,0.01,,0.0,1.071276,0.758988
Tonga,1985,19.0,63.6,6.43,0.02,0.01,0.02,0.0,0.0,0.94725,0.298571
Tonga,1990,20.4,65.6,,0.02,0.02,0.02,0.0,0.0,1.509822,0.422742
Tonga,1995,21.8,63.1,81.2,0.02,,0.04,0.01,0.0,1.727539,0.405633
Tonga,2000,25.6,66.8,183.0,,0.01,0.04,0.02,0.0,2.810606,0.610481
Tonga,2005,,,156.0,0.06,0.01,0.04,0.02,0.0,2.446288,0.488744
Tonga,2010,24.1,68.0,187.0,,0.02,0.09,0.01,0.0,2.676802,0.542188
Trinidad and Tobago,1970,,3320.0,6370.0,0.84,,0.73,3.66,2.71,10.38187,0.839367
Trinidad and Tobago,1975,139.0,5350.0,,,0.15,0.9,,4.79,11.26855,0.884315
Trinidad and Tobago,1980,155.0,5790.0,8670.0,1.45,0.18,1.41,3.34,5.78,13.47319,0.839689
Trinidad and Tobago,1985,174.0,,11700.0,2.47,0.17,1.68,2.33,11.94,18.72803,1.24481
Trinidad and Tobago,1990,174.0,5330.0,12800.0,,0.14,1.35,3.87,7.0,14.96636,1.235163
Trinidad and Tobago,1995,159.0,3950.0,13600.0,3.08,0.15,1.34,3.6,5.31,14.11773,1.115282
Trinidad and Tobago,2000,204.0,,22000.0,3.76,0.49,1.64,4.22,8.91,,1.266659
Trinidad and Tobago,2005,,13300.0,,5.39,,2.15,9.58,16.91,,1.41634
Trinidad and Tobago,2010,267.0,16600.0,41200.0,5.97,,3.2,12.76,18.7,43.78093,1.461641
Tunisia,1970,1610.0,3140.0,4240.0,0.85,0.83,0.89,1.14,0.52,1.776397,0.708657
Tunisia,1975,2020.0,3960.0,5410.0,1.11,1.04,1.25,1.44,0.55,2.014788,0.475225
Tunisia,1980,1920.0,4050.0,,2.57,1.37,1.77,2.21,1.44,2.414124,0.47111
Tunisia,1985,2040.0,4980.0,11800.0,2.97,1.8,,2.65,2.08,2.571718,0.462144
Tunisia,1990,1920.0,5020.0,14800.0,3.81,2.32,2.49,,2.51,2.636889,0.468054
Tunisia,1995,1990.0,6930.0,17300.0,4.54,3.17,,3.13,3.21,2.874266,0.466983
Tunisia,2000,2340.0,7660.0,21200.0,6.12,3.67,4.03,3.82,3.51,3.214588,0.422694
Tunisia,2005,2310.0,8060.0,,5.96,4.15,4.59,,3.88,3.341459,0.377923
Tunisia,2010,2410.0,8980.0,25800.0,7.9,3.37,6.86,5.16,4.32,3.493619,0.333324
Turkey,1970,17500.0,39800.0,46200.0,8.28,10.85,10.28,8.79,,,0.428062
Turkey,1975,20500.0,,71100.0,11.32,15.29,16.38,16.93,11.12,3.415636,0.392226
Turkey,1980,24700.0,48100.0,,,17.43,16.74,24.44,10.78,3.536562,0.406281
Turkey,1985,25100.0,48800.0,109000.0,24.82,23.0,19.76,27.77,12.68,3.713623,0.39871
Turkey,1990,27600.0,52300.0,151000.0,33.44,27.5,27.85,38.63,22.48,,0.400776
Turkey,1995,29600.0,68800.0,178000.0,45.07,,35.2,40.13,24.65,4.718723,0.409611
Turkey,2000,30700.0,77500.0,228000.0,68.26,33.8,34.74,64.6,25.99,,0.408579
Turkey,2005,30000.0,77000.0,247000.0,74.51,43.02,36.94,62.03,29.66,5.21381,0.344343
Turkey,2010,,88300.0,,102.05,60.48,,59.82,42.79,5.926661,
Turkmenistan,1970,1650.0,10700.0,19300.0,2.22,,1.09,2.48,0.8,14.38122,2.182898
Turkmenistan,1975,2110.0,13800.0,24900.0,2.23,14.59,1.55,3.12,1.01,16.14041,2.150375
Turkmenistan,1980,2230.0,18900.0,31400.0,2.98,17.74,1.85,5.02,1.06,18.28268,2.268361
Turkmenistan,1985,2420.0,25400.0,38300.0,5.03,20.0,1.6,8.35,1.04,20.37179,2.569032
Turkmenistan,1990,2000.0,30500.0,,10.07,21.02,9.82,3.73,0.99,,2.555596
Turkmenistan,1995,2250.0,19100.0,34800.0,9.17,16.78,3.99,3.31,1.44,,
Turkmenistan,2000,2680.0,,39500.0,8.92,15.39,6.5,,2.69,14.95341,2.801752
Turkmenistan,2005,4450.0,37900.0,53100.0,11.62,20.0,8.64,7.84,4.76,20.07647,3.090683
Turkmenistan,2010,5160.0,,61800.0,16.47,25.55,8.26,6.63,4.58,19.36989,1.948627
Turks and Caicos Islands,1970,0.07,1.12,1.11,0.0,0.0,0.0,0.0,,0.408557,2.073686
Turks and Caicos Islands,1975,0.08,1.57,1.77,0.0,,0.0,,0.0,0.522586,1.866479
Turks and Caicos Islands,1980,0.1,1.91,2.86,0.0,0.0,0.0,0.0,0.0,,1.607606
Turks and Caicos Islands,1985,0.12,2.96,,0.0,0.0,0.0,0.0,0.0,0.726875,1.484402
Turks and Caicos Islands,1990,0.15,4.25,6.77,0.0,0.0,0.0,0.0,0.0,0.967187,1.351435
Turks and Caicos Islands,1995,0.28,,14.9,0.0,0.0,0.0,0.0,0.0,,1.683709
Turks and Caicos Islands,2000,0.48,8.31,23.7,0.01,0.0,0.0,0.0,0.0,,2.806526
Turks and Caicos Islands,2005,0.58,12.3,35.3,0.0,0.0,0.0,,0.0,1.825041,0.146742
Turks and Caicos Islands,2010,0.97,15.2,,0.05,0.02,0.04,0.0,,2.306966,
Uganda,1970,263.0,2910.0,7630.0,,0.15,0.06,0.15,0.14,1.142952,1.351951
Uganda,1975,258.0,3330.0,8640.0,0.0,0.17,0.07,0.17,0.11,1.129312,1.152175
Uganda,1980,512.0,3290.0,9050.0,0.07,0.14,0.14,0.17,0.06,1.024283,1.239181
Uganda,1985,510.0,3640.0,9980.0,0.07,0.11,0.12,0.07,,0.964885,
Uganda,1990,1550.0,4010.0,,,0.13,0.24,0.13,0.07,0.935937,1.216879
Uganda,1995,2470.0,,,0.09,0.17,0.28,0.19,0.11,,0.995477
Uganda,2000,2760.0,5100.0,13800.0,0.17,0.19,,0.11,0.24,0.901877,0.856652
Uganda,2005,3280.0,6020.0,16600.0,0.28,0.25,0.64,0.12,0.37,0.908543,0.740679
Uganda,2010,4170.0,8930.0,23700.0,0.7,0.42,1.6,0.37,0.62,,0.714594
Ukraine,1970,37700.0,73700.0,,129.57,75.22,43.05,158.75,,12.50993,
Ukraine,1975,47000.0,85800.0,586000.0,174.74,86.01,,199.45,101.37,14.73268,2.131739
Ukraine,1980,51000.0,109000.0,753000.0,217.27,92.23,51.19,260.11,153.68,18.2634,2.218982
Ukraine,1985,52500.0,110000.0,751000.0,226.72,94.47,51.4,255.94,139.62,17.95143,1.997669
Ukraine,1990,43600.0,120000.0,789000.0,333.12,81.46,54.86,219.1,94.67,18.52419,1.749924
Ukraine,1995,,89600.0,462000.0,,60.18,,111.16,65.83,11.32779,2.208181
Ukraine,2000,18600.0,68000.0,358000.0,132.79,47.2,26.92,88.16,,9.11172,1.87983
Ukraine,2005,19900.0,,353000.0,128.89,49.78,30.59,84.74,60.44,9.368545,1.28316
Ukraine,2010,20000.0,62600.0,310000.0,122.83,,33.9,68.32,42.56,8.56501,1.091098
United Arab Emirates,1970,164.0,70100.0,19500.0,,0.0,0.41,1.91,16.97,381.1074,1.276556
United Arab Emirates,1975,284.0,132000.0,36700.0,1.01,0.0,1.65,2.26,31.72,304.4406,1.622455
United Arab Emirates,1980,457.0,92800.0,41200.0,4.71,0.0,6.97,7.54,21.9,129.0022,0.589929
United Arab Emirates,1985,610.0,62500.0,51800.0,8.97,0.14,9.42,17.1,,82.60676,
United Arab Emirates,1990,794.0,22100.0,56900.0,12.77,0.3,11.29,27.52,5.04,42.89654,0.384649
United Arab Emirates,1995,1130.0,29200.0,77400.0,,0.29,13.11,37.73,7.8,43.98402,
United Arab Emirates,2000,1320.0,,94000.0,29.25,,14.85,35.41,8.55,38.74307,0.373769
United Arab Emirates,2005,1630.0,28900.0,119000.0,51.47,0.13,22.75,36.78,,32.73783,0.352221
United Arab Emirates,2010,2140.0,31500.0,172000.0,58.73,0.55,,65.13,,24.80523,
United Kingdom,1970,47500.0,147000.0,682000.0,,131.78,71.35,197.61,62.37,15.76062,1.015277
United Kingdom,1975,59000.0,146000.0,619000.0,221.66,117.14,77.78,,49.14,14.65571,
United Kingdom,1980,58500.0,142000.0,607000.0,234.42,120.61,89.2,126.32,45.34,,0.688375
United Kingdom,1985,58800.0,130000.0,577000.0,208.97,122.39,96.52,115.63,38.87,13.57164,0.618748
United Kingdom,1990,53500.0,128000.0,583000.0,219.48,109.52,114.97,105.37,39.7,13.36451,0.5017
United Kingdom,1995,42000.0,,548000.0,178.64,112.19,,106.46,,,0.430389
United Kingdom,2000,30000.0,113000.0,550000.0,,109.64,122.95,99.12,32.34,11.75803,0.357684
United Kingdom,2005,26100.0,92900.0,558000.0,,106.12,127.2,94.54,29.95,11.22224,
United Kingdom,2010,23600.0,71900.0,497000.0,177.51,107.92,117.13,74.49,25.32,9.35709,0.261027
United States,1970,288000.0,,4690000.0,1079.97,883.54,,1397.92,299.24,,1.150235
United States,1975,309000.0,683000.0,4620000.0,1300.96,827.76,1193.46,1033.44,256.92,25.604,0.993046
United States,1980,320000.0,694000.0,4890000.0,1560.89,700.48,1241.22,1092.87,281.91,25.70331,0.867146
United States,1985,,,4770000.0,1649.28,643.77,1292.56,928.43,263.15,23.79044,0.746602
United States,1990,273000.0,,5090000.0,1900.48,611.7,1426.96,863.6,283.15,23.86766,0.651782
United States,1995,,663000.0,5390000.0,2167.29,625.74,1537.75,742.7,,,0.603901
United States,2000,301000.0,626000.0,5950000.0,2455.09,643.34,1717.84,826.78,299.38,24.3829,0.529997
United States,2005,298000.0,608000.0,5950000.0,2522.59,626.78,1807.71,745.62,268.87,,0.466218
United States,2010,289000.0,,5560000.0,2345.84,596.28,,729.87,233.18,20.98662,0.423876
Uruguay,1970,5490.0,5340.0,17400.0,0.89,0.95,1.72,1.53,0.33,10.04118,1.392182
Uruguay,1975,5760.0,6190.0,20500.0,1.3,0.86,1.66,1.51,0.37,11.47811,1.468867
Uruguay,1980,5730.0,,22300.0,,1.14,1.67,1.53,0.39,11.86353,1.294311
Uruguay,1985,,5730.0,19600.0,0.14,0.92,1.31,0.64,0.22,9.477664,1.141393
Uruguay,1990,3900.0,5780.0,18800.0,0.32,1.01,1.52,0.75,0.29,9.160142,0.930581
Uruguay,1995,4730.0,6430.0,22000.0,0.34,1.14,,0.72,0.32,10.29411,0.893295
Uruguay,2000,5470.0,6050.0,21600.0,0.44,1.24,2.44,0.98,0.36,9.960662,0.774551
Uruguay,2005,5510.0,6690.0,23200.0,0.8,1.09,2.3,0.96,0.33,10.63519,0.82035
Uruguay,2010,,,24200.0,,1.1,3.11,0.87,0.4,11.23771,0.658535
Uzbekistan,1970,,17400.0,49000.0,19.73,,2.47,1.95,5.15,5.917277,
Uzbekistan,1975,6910.0,21200.0,65300.0,23.16,29.23,3.69,2.44,6.79,6.724101,2.42542
Uzbekistan,1980,7530.0,24900.0,79500.0,26.7,38.19,4.35,3.98,6.25,7.018955,2.381756
Uzbekistan,1985,8810.0,29400.0,97000.0,31.61,47.18,3.87,6.62,,7.470618,2.588759
Uzbekistan,1990,8250.0,33200.0,123000.0,43.8,61.95,5.72,,8.24,8.056899,2.644906
Uzbekistan,1995,6380.0,40800.0,102000.0,33.88,38.18,7.26,15.22,,,2.958282
Uzbekistan,2000,8400.0,,121000.0,36.95,46.12,10.34,20.55,7.22,,2.785532
Uzbekistan,2005,9230.0,47100.0,116000.0,36.39,42.62,,19.39,,,2.173796
Uzbekistan,2010,10500.0,50300.0,108000.0,36.23,,7.99,16.04,,5.89912,1.412107
Vanuatu,1970,25.0,51.7,154.0,0.01,0.05,0.03,0.01,0.0,2.695803,0.0
Vanuatu,1975,29.5,70.6,207.0,,0.05,0.04,0.0,0.0,3.070209,0.0
Vanuatu,1980,59.4,67.1,196.0,0.04,0.05,0.04,0.0,0.0,2.793075,1.068425
Vanuatu,1985,74.6,74.0,215.0,0.05,0.03,0.05,0.01,0.0,2.793828,0.950774
Vanuatu,1990,65.4,91.0,261.0,0.04,0.04,,0.01,,2.843853,1.116603
Vanuatu,1995,45.8,107.0,309.0,,0.01,0.02,0.0,0.0,2.746224,1.051941
Vanuatu,2000,,107.0,309.0,0.02,,0.02,0.01,0.0,2.596641,
Vanuatu,2005,68.3,104.0,304.0,0.03,0.0,,0.01,0.0,,0.871771
Vanuatu,2010,93.3,121.0,355.0,0.04,0.01,0.06,0.01,0.0,2.409781,0.817249
Venezuela,1970,4620.0,66100.0,61300.0,6.41,,,24.62,44.2,11.39826,0.760915
Venezuela,1975,5610.0,36100.0,65500.0,8.67,3.47,19.3,24.62,9.76,8.022602,0.385492
Venezuela,1980,7080.0,39900.0,96100.0,,3.86,27.0,32.82,10.83,9.32508,0.468199
Venezuela,1985,,41000.0,99200.0,19.12,5.86,27.48,32.68,9.8,8.4768,0.531467
Venezuela,1990,9070.0,51800.0,111000.0,16.75,5.05,28.55,43.22,15.69,8.679707,0.598811
Venezuela,1995,8970.0,67400.0,131000.0,13.6,5.3,33.49,53.69,13.62,9.349101,0.609897
Venezuela,2000,10100.0,72600.0,143000.0,16.19,5.92,34.08,60.0,16.38,9.210672,
Venezuela,2005,11900.0,70900.0,164000.0,,8.35,,64.58,15.31,9.207925,0.616425
Venezuela,2010,12500.0,72200.0,199000.0,27.95,6.44,48.21,88.91,17.49,9.780143,0.590712
Viet Nam,1970,5930.0,17300.0,63300.0,1.87,7.81,2.81,0.02,0.9,1.99285,2.13177
Viet Nam,1975,6060.0,18100.0,63300.0,,4.46,2.28,0.03,0.97,1.794974,1.800077
Viet Nam,1980,6210.0,16200.0,67900.0,3.71,3.91,1.99,5.29,1.2,1.660397,1.481546
Viet Nam,1985,8900.0,19600.0,69100.0,5.3,2.06,2.87,,1.99,1.59861,1.249137
Viet Nam,1990,,20400.0,70500.0,4.88,2.68,4.17,5.66,2.79,1.483606,
Viet Nam,1995,,34100.0,81500.0,4.49,5.26,7.27,10.44,6.18,1.721338,0.880969
Viet Nam,2000,18600.0,55900.0,86100.0,11.49,7.73,10.57,14.44,11.29,1.999447,0.780748
Viet Nam,2005,19100.0,99600.0,,24.28,11.52,19.25,24.06,20.11,2.601797,0.765161
Viet Nam,2010,20300.0,155000.0,109000.0,41.49,12.52,30.54,41.57,28.53,3.213331,0.728971
Virgin Islands,1970,2.72,6.66,12.8,0.0,0.0,0.0,0.0,,2.263098,0.178855
Virgin Islands,1975,3.21,7.87,21.3,0.0,,0.0,,0.0,3.095026,0.244338
Virgin Islands,1980,3.55,8.68,17.8,0.0,0.0,0.0,0.0,,2.730327,0.180398
Virgin Islands,1985,3.69,9.23,27.7,0.01,0.01,0.0,0.0,0.0,3.054426,0.292401
Virgin Islands,1990,3.59,9.69,46.4,0.01,0.01,0.0,,0.0,3.626091,0.320922
Virgin Islands,1995,3.85,10.9,47.0,,0.01,0.01,,0.0,3.353885,0.12866
Virgin Islands,2000,4.23,11.4,,0.01,0.01,0.01,0.0,0.0,3.399755,0.106389
Virgin Islands,2005,4.53,12.2,64.2,,0.0,0.01,0.0,0.0,3.490565,0.11764
Virgin Islands,2010,5.08,13.1,81.3,0.03,0.01,0.02,0.0,0.0,3.655259,
Yemen,1970,1340.0,2760.0,1500.0,0.19,0.17,0.66,0.18,0.3,0.904847,0.625433
Yemen,1975,1580.0,3090.0,2100.0,0.18,0.38,,0.17,0.35,0.99137,0.492764
Yemen,1980,1700.0,3250.0,3920.0,0.39,0.46,2.32,0.3,,1.091249,0.368376
Yemen,1985,1930.0,,5330.0,0.77,0.81,2.9,0.39,0.47,1.112686,0.318528
Yemen,1990,2490.0,5300.0,6890.0,,0.69,4.01,0.34,0.59,1.217727,0.361813
Yemen,1995,2700.0,9070.0,10900.0,2.31,,3.96,0.89,1.48,1.481047,0.414191
Yemen,2000,3340.0,10400.0,15500.0,3.21,3.44,4.4,2.3,2.15,1.635324,0.415362
Yemen,2005,3970.0,13600.0,21800.0,4.05,5.17,5.57,4.05,2.93,1.909043,0.455106
Yemen,2010,4570.0,20100.0,27500.0,6.12,4.11,7.15,4.98,3.72,2.210604,0.505462
Zambia,1970,3670.0,5380.0,3730.0,0.36,0.27,0.63,2.11,0.3,3.054308,0.724432
Zambia,1975,4730.0,5700.0,4250.0,0.36,0.35,0.74,2.89,0.41,2.946332,
Zambia,1980,3680.0,5850.0,5000.0,0.17,0.36,0.87,1.87,0.4,2.451011,0.888565
Zambia,1985,3140.0,5830.0,5790.0,0.14,0.29,,1.52,0.44,2.103449,0.864102
Zambia,1990,2950.0,,6760.0,,0.34,0.77,1.36,0.39,1.918767,
Zambia,1995,2320.0,5710.0,6690.0,0.06,0.29,0.81,0.85,0.32,1.590453,
Zambia,2000,1950.0,5900.0,7690.0,0.06,0.18,0.73,0.69,0.3,,0.702032
Zambia,2005,2360.0,5970.0,8440.0,0.06,0.2,0.99,0.87,0.34,1.392617,0.56077
Zambia,2010,2360.0,6310.0,,,0.2,0.66,0.75,0.6,1.345273,0.411278
Zimbabwe,1970,3270.0,8250.0,9650.0,1.36,1.12,2.08,2.69,2.4,4.090007,3.134815
Zimbabwe,1975,3760.0,9370.0,9070.0,0.86,1.51,2.15,2.65,1.9,3.63008,1.916729
Zimbabwe,1980,3280.0,,9620.0,1.01,1.56,1.87,3.53,1.64,2.960622,1.812649
Zimbabwe,1985,3770.0,9590.0,10700.0,2.35,1.71,1.9,3.77,,2.772586,1.352724
Zimbabwe,1990,4560.0,11700.0,17200.0,6.82,2.43,2.09,4.91,0.93,,1.263343
Zimbabwe,1995,3450.0,9690.0,16100.0,,2.83,2.17,2.75,1.01,2.583029,1.039995
Zimbabwe,2000,4730.0,12500.0,14100.0,5.28,,1.93,3.05,1.2,2.565553,0.994073
Zimbabwe,2005,4090.0,11100.0,11400.0,5.99,1.28,1.32,1.68,1.11,2.061136,1.238344
Zimbabwe,2010,4100.0,11100.0,9580.0,4.84,1.92,1.2,1.26,0.77,1.76165,1.276703
